mode: set
github.com/agreen757/tm-tui/internal/ui/app.go:30.60,34.31 3 0
github.com/agreen757/tm-tui/internal/ui/app.go:34.31,36.3 1 0
github.com/agreen757/tm-tui/internal/ui/app.go:37.2,37.39 1 0
github.com/agreen757/tm-tui/internal/ui/app.go:73.48,74.100 1 1
github.com/agreen757/tm-tui/internal/ui/app.go:74.100,76.3 1 1
github.com/agreen757/tm-tui/internal/ui/app.go:77.2,77.36 1 1
github.com/agreen757/tm-tui/internal/ui/app.go:81.42,82.39 1 1
github.com/agreen757/tm-tui/internal/ui/app.go:82.39,84.3 1 1
github.com/agreen757/tm-tui/internal/ui/app.go:85.2,85.44 1 1
github.com/agreen757/tm-tui/internal/ui/app.go:89.34,90.39 1 1
github.com/agreen757/tm-tui/internal/ui/app.go:90.39,92.3 1 1
github.com/agreen757/tm-tui/internal/ui/app.go:93.2,93.41 1 1
github.com/agreen757/tm-tui/internal/ui/app.go:93.41,95.3 1 1
github.com/agreen757/tm-tui/internal/ui/app.go:99.34,100.100 1 1
github.com/agreen757/tm-tui/internal/ui/app.go:100.100,102.3 1 1
github.com/agreen757/tm-tui/internal/ui/app.go:103.2,111.63 5 1
github.com/agreen757/tm-tui/internal/ui/app.go:111.63,113.3 1 1
github.com/agreen757/tm-tui/internal/ui/app.go:117.48,118.15 1 1
github.com/agreen757/tm-tui/internal/ui/app.go:118.15,120.3 1 1
github.com/agreen757/tm-tui/internal/ui/app.go:121.2,121.24 1 1
github.com/agreen757/tm-tui/internal/ui/app.go:125.45,126.39 1 1
github.com/agreen757/tm-tui/internal/ui/app.go:126.39,128.3 1 1
github.com/agreen757/tm-tui/internal/ui/app.go:129.2,129.36 1 1
github.com/agreen757/tm-tui/internal/ui/app.go:129.36,130.47 1 1
github.com/agreen757/tm-tui/internal/ui/app.go:130.47,132.4 1 1
github.com/agreen757/tm-tui/internal/ui/app.go:134.2,134.13 1 1
github.com/agreen757/tm-tui/internal/ui/app.go:139.67,140.44 1 1
github.com/agreen757/tm-tui/internal/ui/app.go:140.44,142.3 1 1
github.com/agreen757/tm-tui/internal/ui/app.go:143.2,143.35 1 1
github.com/agreen757/tm-tui/internal/ui/app.go:147.69,148.15 1 1
github.com/agreen757/tm-tui/internal/ui/app.go:148.15,150.3 1 0
github.com/agreen757/tm-tui/internal/ui/app.go:151.2,151.31 1 1
github.com/agreen757/tm-tui/internal/ui/app.go:151.31,153.3 1 1
github.com/agreen757/tm-tui/internal/ui/app.go:154.2,154.38 1 1
github.com/agreen757/tm-tui/internal/ui/app.go:158.35,159.15 1 1
github.com/agreen757/tm-tui/internal/ui/app.go:159.15,161.3 1 0
github.com/agreen757/tm-tui/internal/ui/app.go:162.2,165.41 4 1
github.com/agreen757/tm-tui/internal/ui/app.go:300.55,301.23 1 0
github.com/agreen757/tm-tui/internal/ui/app.go:301.23,303.3 1 0
github.com/agreen757/tm-tui/internal/ui/app.go:304.2,304.35 1 0
github.com/agreen757/tm-tui/internal/ui/app.go:308.135,400.39 24 0
github.com/agreen757/tm-tui/internal/ui/app.go:400.39,401.64 1 0
github.com/agreen757/tm-tui/internal/ui/app.go:401.64,403.4 1 0
github.com/agreen757/tm-tui/internal/ui/app.go:408.2,408.54 1 0
github.com/agreen757/tm-tui/internal/ui/app.go:408.54,411.42 2 0
github.com/agreen757/tm-tui/internal/ui/app.go:411.42,413.4 1 0
github.com/agreen757/tm-tui/internal/ui/app.go:413.9,415.4 1 0
github.com/agreen757/tm-tui/internal/ui/app.go:416.3,416.22 1 0
github.com/agreen757/tm-tui/internal/ui/app.go:420.2,420.64 1 0
github.com/agreen757/tm-tui/internal/ui/app.go:420.64,423.3 2 0
github.com/agreen757/tm-tui/internal/ui/app.go:423.8,425.3 1 0
github.com/agreen757/tm-tui/internal/ui/app.go:427.2,427.10 1 0
github.com/agreen757/tm-tui/internal/ui/app.go:431.51,448.2 1 0
github.com/agreen757/tm-tui/internal/ui/app.go:451.74,452.46 1 0
github.com/agreen757/tm-tui/internal/ui/app.go:452.46,453.41 1 0
github.com/agreen757/tm-tui/internal/ui/app.go:453.41,456.4 2 0
github.com/agreen757/tm-tui/internal/ui/app.go:458.2,458.19 1 0
github.com/agreen757/tm-tui/internal/ui/app.go:462.27,465.21 2 0
github.com/agreen757/tm-tui/internal/ui/app.go:465.21,467.3 1 0
github.com/agreen757/tm-tui/internal/ui/app.go:470.2,471.16 2 0
github.com/agreen757/tm-tui/internal/ui/app.go:471.16,473.3 1 0
github.com/agreen757/tm-tui/internal/ui/app.go:476.2,477.27 2 0
github.com/agreen757/tm-tui/internal/ui/app.go:477.27,479.3 1 0
github.com/agreen757/tm-tui/internal/ui/app.go:482.2,483.24 2 0
github.com/agreen757/tm-tui/internal/ui/app.go:487.30,488.27 1 0
github.com/agreen757/tm-tui/internal/ui/app.go:488.27,490.3 1 0
github.com/agreen757/tm-tui/internal/ui/app.go:494.43,495.27 1 0
github.com/agreen757/tm-tui/internal/ui/app.go:495.27,497.3 1 0
github.com/agreen757/tm-tui/internal/ui/app.go:498.2,498.35 1 0
github.com/agreen757/tm-tui/internal/ui/app.go:502.39,507.2 4 1
github.com/agreen757/tm-tui/internal/ui/app.go:510.41,512.27 2 0
github.com/agreen757/tm-tui/internal/ui/app.go:512.27,514.3 1 0
github.com/agreen757/tm-tui/internal/ui/app.go:516.2,524.40 2 0
github.com/agreen757/tm-tui/internal/ui/app.go:528.43,530.23 2 0
github.com/agreen757/tm-tui/internal/ui/app.go:530.23,532.3 1 0
github.com/agreen757/tm-tui/internal/ui/app.go:535.2,541.37 3 0
github.com/agreen757/tm-tui/internal/ui/app.go:541.37,543.3 1 0
github.com/agreen757/tm-tui/internal/ui/app.go:546.2,555.24 6 0
github.com/agreen757/tm-tui/internal/ui/app.go:555.24,557.3 1 0
github.com/agreen757/tm-tui/internal/ui/app.go:558.2,558.20 1 0
github.com/agreen757/tm-tui/internal/ui/app.go:558.20,560.3 1 0
github.com/agreen757/tm-tui/internal/ui/app.go:564.38,566.15 2 0
github.com/agreen757/tm-tui/internal/ui/app.go:566.15,568.3 1 0
github.com/agreen757/tm-tui/internal/ui/app.go:569.2,570.34 2 0
github.com/agreen757/tm-tui/internal/ui/app.go:570.34,572.3 1 0
github.com/agreen757/tm-tui/internal/ui/app.go:573.2,575.36 3 0
github.com/agreen757/tm-tui/internal/ui/app.go:579.31,581.15 2 0
github.com/agreen757/tm-tui/internal/ui/app.go:581.15,583.3 1 0
github.com/agreen757/tm-tui/internal/ui/app.go:586.2,586.46 1 0
github.com/agreen757/tm-tui/internal/ui/app.go:586.46,593.3 3 0
github.com/agreen757/tm-tui/internal/ui/app.go:597.2,600.36 2 0
github.com/agreen757/tm-tui/internal/ui/app.go:604.39,606.15 2 0
github.com/agreen757/tm-tui/internal/ui/app.go:606.15,608.3 1 0
github.com/agreen757/tm-tui/internal/ui/app.go:610.2,610.46 1 0
github.com/agreen757/tm-tui/internal/ui/app.go:610.46,612.3 1 0
github.com/agreen757/tm-tui/internal/ui/app.go:614.2,615.37 2 0
github.com/agreen757/tm-tui/internal/ui/app.go:619.42,620.46 1 0
github.com/agreen757/tm-tui/internal/ui/app.go:620.46,623.3 2 0
github.com/agreen757/tm-tui/internal/ui/app.go:625.2,629.28 3 0
github.com/agreen757/tm-tui/internal/ui/app.go:629.28,631.3 1 0
github.com/agreen757/tm-tui/internal/ui/app.go:632.2,632.43 1 0
github.com/agreen757/tm-tui/internal/ui/app.go:632.43,634.3 1 0
github.com/agreen757/tm-tui/internal/ui/app.go:636.2,637.16 2 0
github.com/agreen757/tm-tui/internal/ui/app.go:637.16,640.3 2 0
github.com/agreen757/tm-tui/internal/ui/app.go:642.2,642.37 1 0
github.com/agreen757/tm-tui/internal/ui/app.go:646.42,647.46 1 0
github.com/agreen757/tm-tui/internal/ui/app.go:647.46,650.3 2 0
github.com/agreen757/tm-tui/internal/ui/app.go:652.2,656.28 3 0
github.com/agreen757/tm-tui/internal/ui/app.go:656.28,658.3 1 0
github.com/agreen757/tm-tui/internal/ui/app.go:659.2,659.43 1 0
github.com/agreen757/tm-tui/internal/ui/app.go:659.43,661.3 1 0
github.com/agreen757/tm-tui/internal/ui/app.go:663.2,664.37 2 0
github.com/agreen757/tm-tui/internal/ui/app.go:668.37,669.46 1 0
github.com/agreen757/tm-tui/internal/ui/app.go:669.46,672.3 2 0
github.com/agreen757/tm-tui/internal/ui/app.go:674.2,674.38 1 0
github.com/agreen757/tm-tui/internal/ui/app.go:674.38,676.3 1 0
github.com/agreen757/tm-tui/internal/ui/app.go:678.2,679.38 2 0
github.com/agreen757/tm-tui/internal/ui/app.go:682.48,683.24 1 0
github.com/agreen757/tm-tui/internal/ui/app.go:683.24,689.10 3 0
github.com/agreen757/tm-tui/internal/ui/app.go:689.10,692.4 2 0
github.com/agreen757/tm-tui/internal/ui/app.go:693.3,695.33 3 0
github.com/agreen757/tm-tui/internal/ui/app.go:699.74,700.60 1 0
github.com/agreen757/tm-tui/internal/ui/app.go:700.60,702.3 1 0
github.com/agreen757/tm-tui/internal/ui/app.go:703.2,703.59 1 0
github.com/agreen757/tm-tui/internal/ui/app.go:703.59,704.24 1 0
github.com/agreen757/tm-tui/internal/ui/app.go:704.24,705.26 1 0
github.com/agreen757/tm-tui/internal/ui/app.go:705.26,707.5 1 0
github.com/agreen757/tm-tui/internal/ui/app.go:709.3,709.13 1 0
github.com/agreen757/tm-tui/internal/ui/app.go:711.2,711.72 1 0
github.com/agreen757/tm-tui/internal/ui/app.go:711.72,715.3 3 0
github.com/agreen757/tm-tui/internal/ui/app.go:716.2,716.61 1 0
github.com/agreen757/tm-tui/internal/ui/app.go:716.61,718.3 1 0
github.com/agreen757/tm-tui/internal/ui/app.go:719.2,719.77 1 0
github.com/agreen757/tm-tui/internal/ui/app.go:719.77,721.3 1 0
github.com/agreen757/tm-tui/internal/ui/app.go:722.2,722.64 1 0
github.com/agreen757/tm-tui/internal/ui/app.go:722.64,724.3 1 0
github.com/agreen757/tm-tui/internal/ui/app.go:726.2,726.76 1 0
github.com/agreen757/tm-tui/internal/ui/app.go:726.76,728.25 2 0
github.com/agreen757/tm-tui/internal/ui/app.go:728.25,734.4 1 0
github.com/agreen757/tm-tui/internal/ui/app.go:737.2,737.62 1 0
github.com/agreen757/tm-tui/internal/ui/app.go:737.62,738.25 1 0
github.com/agreen757/tm-tui/internal/ui/app.go:738.25,742.4 1 0
github.com/agreen757/tm-tui/internal/ui/app.go:744.2,744.29 1 0
github.com/agreen757/tm-tui/internal/ui/app.go:744.29,746.3 1 0
github.com/agreen757/tm-tui/internal/ui/app.go:747.2,747.12 1 0
github.com/agreen757/tm-tui/internal/ui/app.go:751.50,753.67 1 0
github.com/agreen757/tm-tui/internal/ui/app.go:753.67,756.3 2 0
github.com/agreen757/tm-tui/internal/ui/app.go:759.2,760.18 2 0
github.com/agreen757/tm-tui/internal/ui/app.go:760.18,763.3 2 0
github.com/agreen757/tm-tui/internal/ui/app.go:766.2,767.9 2 0
github.com/agreen757/tm-tui/internal/ui/app.go:767.9,770.3 2 0
github.com/agreen757/tm-tui/internal/ui/app.go:772.2,773.27 2 0
github.com/agreen757/tm-tui/internal/ui/app.go:773.27,776.3 2 0
github.com/agreen757/tm-tui/internal/ui/app.go:780.2,780.50 1 0
github.com/agreen757/tm-tui/internal/ui/app.go:780.50,783.3 2 0
github.com/agreen757/tm-tui/internal/ui/app.go:785.2,809.34 7 0
github.com/agreen757/tm-tui/internal/ui/app.go:812.68,813.20 1 0
github.com/agreen757/tm-tui/internal/ui/app.go:813.20,822.3 3 0
github.com/agreen757/tm-tui/internal/ui/app.go:823.2,823.23 1 0
github.com/agreen757/tm-tui/internal/ui/app.go:823.23,825.3 1 0
github.com/agreen757/tm-tui/internal/ui/app.go:826.2,827.17 2 0
github.com/agreen757/tm-tui/internal/ui/app.go:827.17,829.3 1 0
github.com/agreen757/tm-tui/internal/ui/app.go:830.2,830.23 1 0
github.com/agreen757/tm-tui/internal/ui/app.go:830.23,832.3 1 0
github.com/agreen757/tm-tui/internal/ui/app.go:833.2,834.66 2 0
github.com/agreen757/tm-tui/internal/ui/app.go:834.66,836.3 1 0
github.com/agreen757/tm-tui/internal/ui/app.go:837.2,837.72 1 0
github.com/agreen757/tm-tui/internal/ui/app.go:837.72,839.3 1 0
github.com/agreen757/tm-tui/internal/ui/app.go:840.2,840.36 1 0
github.com/agreen757/tm-tui/internal/ui/app.go:843.79,844.37 1 0
github.com/agreen757/tm-tui/internal/ui/app.go:844.37,846.3 1 0
github.com/agreen757/tm-tui/internal/ui/app.go:847.2,848.15 2 0
github.com/agreen757/tm-tui/internal/ui/app.go:848.15,850.3 1 0
github.com/agreen757/tm-tui/internal/ui/app.go:851.2,851.15 1 0
github.com/agreen757/tm-tui/internal/ui/app.go:851.15,859.3 3 0
github.com/agreen757/tm-tui/internal/ui/app.go:860.2,860.47 1 0
github.com/agreen757/tm-tui/internal/ui/app.go:863.51,865.15 2 0
github.com/agreen757/tm-tui/internal/ui/app.go:865.15,867.3 1 0
github.com/agreen757/tm-tui/internal/ui/app.go:868.2,868.86 1 0
github.com/agreen757/tm-tui/internal/ui/app.go:868.86,871.3 2 0
github.com/agreen757/tm-tui/internal/ui/app.go:872.2,872.109 1 0
github.com/agreen757/tm-tui/internal/ui/app.go:872.109,874.3 1 0
github.com/agreen757/tm-tui/internal/ui/app.go:878.34,883.42 3 1
github.com/agreen757/tm-tui/internal/ui/app.go:883.42,885.32 2 1
github.com/agreen757/tm-tui/internal/ui/app.go:885.32,887.4 1 1
github.com/agreen757/tm-tui/internal/ui/app.go:890.2,890.25 1 1
github.com/agreen757/tm-tui/internal/ui/app.go:890.25,892.3 1 1
github.com/agreen757/tm-tui/internal/ui/app.go:899.39,901.32 1 1
github.com/agreen757/tm-tui/internal/ui/app.go:901.32,903.3 1 0
github.com/agreen757/tm-tui/internal/ui/app.go:903.8,906.3 1 1
github.com/agreen757/tm-tui/internal/ui/app.go:909.2,909.44 1 1
github.com/agreen757/tm-tui/internal/ui/app.go:909.44,911.3 1 0
github.com/agreen757/tm-tui/internal/ui/app.go:912.2,912.52 1 1
github.com/agreen757/tm-tui/internal/ui/app.go:912.52,914.3 1 0
github.com/agreen757/tm-tui/internal/ui/app.go:917.2,917.67 1 1
github.com/agreen757/tm-tui/internal/ui/app.go:917.67,920.42 2 1
github.com/agreen757/tm-tui/internal/ui/app.go:920.42,922.4 1 1
github.com/agreen757/tm-tui/internal/ui/app.go:922.9,924.4 1 0
github.com/agreen757/tm-tui/internal/ui/app.go:929.43,930.24 1 0
github.com/agreen757/tm-tui/internal/ui/app.go:930.24,933.28 2 0
github.com/agreen757/tm-tui/internal/ui/app.go:933.28,935.4 1 0
github.com/agreen757/tm-tui/internal/ui/app.go:938.3,939.54 2 0
github.com/agreen757/tm-tui/internal/ui/app.go:939.54,941.4 1 0
github.com/agreen757/tm-tui/internal/ui/app.go:944.3,954.27 5 0
github.com/agreen757/tm-tui/internal/ui/app.go:954.27,956.4 1 0
github.com/agreen757/tm-tui/internal/ui/app.go:959.3,965.43 4 0
github.com/agreen757/tm-tui/internal/ui/app.go:975.64,976.51 1 0
github.com/agreen757/tm-tui/internal/ui/app.go:976.51,978.3 1 0
github.com/agreen757/tm-tui/internal/ui/app.go:980.2,986.35 4 0
github.com/agreen757/tm-tui/internal/ui/app.go:986.35,988.26 2 0
github.com/agreen757/tm-tui/internal/ui/app.go:988.26,989.12 1 0
github.com/agreen757/tm-tui/internal/ui/app.go:991.3,993.42 3 0
github.com/agreen757/tm-tui/internal/ui/app.go:993.42,994.12 1 0
github.com/agreen757/tm-tui/internal/ui/app.go:996.3,997.77 2 0
github.com/agreen757/tm-tui/internal/ui/app.go:1000.2,1000.29 1 0
github.com/agreen757/tm-tui/internal/ui/app.go:1003.51,1004.19 1 0
github.com/agreen757/tm-tui/internal/ui/app.go:1004.19,1006.3 1 0
github.com/agreen757/tm-tui/internal/ui/app.go:1007.2,1009.16 3 0
github.com/agreen757/tm-tui/internal/ui/app.go:1012.50,1016.30 4 0
github.com/agreen757/tm-tui/internal/ui/app.go:1016.30,1018.19 2 0
github.com/agreen757/tm-tui/internal/ui/app.go:1018.19,1020.4 1 0
github.com/agreen757/tm-tui/internal/ui/app.go:1022.2,1022.19 1 0
github.com/agreen757/tm-tui/internal/ui/app.go:1025.57,1031.25 5 0
github.com/agreen757/tm-tui/internal/ui/app.go:1031.25,1032.28 1 0
github.com/agreen757/tm-tui/internal/ui/app.go:1032.28,1034.4 1 0
github.com/agreen757/tm-tui/internal/ui/app.go:1035.3,1036.19 2 0
github.com/agreen757/tm-tui/internal/ui/app.go:1039.2,1040.35 2 0
github.com/agreen757/tm-tui/internal/ui/app.go:1040.35,1041.65 1 0
github.com/agreen757/tm-tui/internal/ui/app.go:1041.65,1044.41 3 0
github.com/agreen757/tm-tui/internal/ui/app.go:1044.41,1048.5 3 0
github.com/agreen757/tm-tui/internal/ui/app.go:1049.4,1049.30 1 0
github.com/agreen757/tm-tui/internal/ui/app.go:1049.30,1053.5 3 0
github.com/agreen757/tm-tui/internal/ui/app.go:1054.4,1054.42 1 0
github.com/agreen757/tm-tui/internal/ui/app.go:1054.42,1058.5 3 0
github.com/agreen757/tm-tui/internal/ui/app.go:1059.4,1059.24 1 0
github.com/agreen757/tm-tui/internal/ui/app.go:1059.24,1063.5 3 0
github.com/agreen757/tm-tui/internal/ui/app.go:1064.4,1064.38 1 0
github.com/agreen757/tm-tui/internal/ui/app.go:1064.38,1066.5 1 0
github.com/agreen757/tm-tui/internal/ui/app.go:1066.10,1069.5 2 0
github.com/agreen757/tm-tui/internal/ui/app.go:1073.2,1074.20 2 0
github.com/agreen757/tm-tui/internal/ui/app.go:1074.20,1076.3 1 0
github.com/agreen757/tm-tui/internal/ui/app.go:1077.2,1077.18 1 0
github.com/agreen757/tm-tui/internal/ui/app.go:1077.18,1079.3 1 0
github.com/agreen757/tm-tui/internal/ui/app.go:1080.2,1080.53 1 0
github.com/agreen757/tm-tui/internal/ui/app.go:1084.50,1087.44 2 0
github.com/agreen757/tm-tui/internal/ui/app.go:1087.44,1088.15 1 0
github.com/agreen757/tm-tui/internal/ui/app.go:1088.15,1090.4 1 0
github.com/agreen757/tm-tui/internal/ui/app.go:1094.2,1095.27 2 0
github.com/agreen757/tm-tui/internal/ui/app.go:1095.27,1097.3 1 0
github.com/agreen757/tm-tui/internal/ui/app.go:1100.2,1101.20 2 0
github.com/agreen757/tm-tui/internal/ui/app.go:1102.20,1103.23 1 0
github.com/agreen757/tm-tui/internal/ui/app.go:1104.22,1105.25 1 0
github.com/agreen757/tm-tui/internal/ui/app.go:1109.2,1110.24 2 0
github.com/agreen757/tm-tui/internal/ui/app.go:1111.20,1112.30 1 0
github.com/agreen757/tm-tui/internal/ui/app.go:1113.16,1114.26 1 0
github.com/agreen757/tm-tui/internal/ui/app.go:1117.2,1126.3 1 0
github.com/agreen757/tm-tui/internal/ui/app.go:1130.37,1131.49 1 0
github.com/agreen757/tm-tui/internal/ui/app.go:1131.49,1133.3 1 0
github.com/agreen757/tm-tui/internal/ui/app.go:1135.2,1136.52 2 0
github.com/agreen757/tm-tui/internal/ui/app.go:1140.55,1141.18 1 0
github.com/agreen757/tm-tui/internal/ui/app.go:1141.18,1143.3 1 0
github.com/agreen757/tm-tui/internal/ui/app.go:1146.2,1147.39 2 0
github.com/agreen757/tm-tui/internal/ui/app.go:1147.39,1149.3 1 0
github.com/agreen757/tm-tui/internal/ui/app.go:1152.2,1152.24 1 0
github.com/agreen757/tm-tui/internal/ui/app.go:1153.14,1154.28 1 0
github.com/agreen757/tm-tui/internal/ui/app.go:1155.16,1156.30 1 0
github.com/agreen757/tm-tui/internal/ui/app.go:1157.10,1158.28 1 0
github.com/agreen757/tm-tui/internal/ui/app.go:1162.2,1162.28 1 0
github.com/agreen757/tm-tui/internal/ui/app.go:1163.17,1164.32 1 0
github.com/agreen757/tm-tui/internal/ui/app.go:1165.13,1166.28 1 0
github.com/agreen757/tm-tui/internal/ui/app.go:1167.10,1168.33 1 0
github.com/agreen757/tm-tui/internal/ui/app.go:1172.2,1180.28 5 0
github.com/agreen757/tm-tui/internal/ui/app.go:1180.28,1181.52 1 0
github.com/agreen757/tm-tui/internal/ui/app.go:1181.52,1184.37 2 0
github.com/agreen757/tm-tui/internal/ui/app.go:1184.37,1185.33 1 0
github.com/agreen757/tm-tui/internal/ui/app.go:1185.33,1187.11 2 0
github.com/agreen757/tm-tui/internal/ui/app.go:1195.38,1197.49 1 0
github.com/agreen757/tm-tui/internal/ui/app.go:1197.49,1198.78 1 0
github.com/agreen757/tm-tui/internal/ui/app.go:1198.78,1200.4 1 0
github.com/agreen757/tm-tui/internal/ui/app.go:1204.2,1218.29 11 0
github.com/agreen757/tm-tui/internal/ui/app.go:1218.29,1221.42 2 0
github.com/agreen757/tm-tui/internal/ui/app.go:1221.42,1223.4 1 0
github.com/agreen757/tm-tui/internal/ui/app.go:1223.9,1225.4 1 0
github.com/agreen757/tm-tui/internal/ui/app.go:1226.3,1226.22 1 0
github.com/agreen757/tm-tui/internal/ui/app.go:1227.8,1229.3 1 0
github.com/agreen757/tm-tui/internal/ui/app.go:1232.2,1235.12 3 0
github.com/agreen757/tm-tui/internal/ui/app.go:1241.80,1243.15 2 0
github.com/agreen757/tm-tui/internal/ui/app.go:1243.15,1245.3 1 0
github.com/agreen757/tm-tui/internal/ui/app.go:1246.2,1247.38 2 0
github.com/agreen757/tm-tui/internal/ui/app.go:1251.62,1253.15 2 0
github.com/agreen757/tm-tui/internal/ui/app.go:1253.15,1255.3 1 0
github.com/agreen757/tm-tui/internal/ui/app.go:1256.2,1257.33 2 0
github.com/agreen757/tm-tui/internal/ui/app.go:1261.94,1262.17 1 0
github.com/agreen757/tm-tui/internal/ui/app.go:1262.17,1264.3 1 0
github.com/agreen757/tm-tui/internal/ui/app.go:1265.2,1267.18 3 0
github.com/agreen757/tm-tui/internal/ui/app.go:1267.18,1269.3 1 0
github.com/agreen757/tm-tui/internal/ui/app.go:1270.2,1273.15 3 0
github.com/agreen757/tm-tui/internal/ui/app.go:1273.15,1275.3 1 0
github.com/agreen757/tm-tui/internal/ui/app.go:1276.2,1277.41 2 0
github.com/agreen757/tm-tui/internal/ui/app.go:1282.92,1283.30 1 0
github.com/agreen757/tm-tui/internal/ui/app.go:1283.30,1285.3 1 0
github.com/agreen757/tm-tui/internal/ui/app.go:1286.2,1287.35 2 0
github.com/agreen757/tm-tui/internal/ui/app.go:1291.108,1292.30 1 0
github.com/agreen757/tm-tui/internal/ui/app.go:1292.30,1294.3 1 0
github.com/agreen757/tm-tui/internal/ui/app.go:1295.2,1297.35 3 0
github.com/agreen757/tm-tui/internal/ui/app.go:1301.92,1302.30 1 0
github.com/agreen757/tm-tui/internal/ui/app.go:1302.30,1304.3 1 0
github.com/agreen757/tm-tui/internal/ui/app.go:1305.2,1307.23 3 0
github.com/agreen757/tm-tui/internal/ui/app.go:1311.72,1313.2 1 0
github.com/agreen757/tm-tui/internal/ui/app.go:1316.35,1318.2 1 0
github.com/agreen757/tm-tui/internal/ui/app.go:1321.44,1322.30 1 0
github.com/agreen757/tm-tui/internal/ui/app.go:1322.30,1324.3 1 0
github.com/agreen757/tm-tui/internal/ui/app.go:1325.2,1326.45 2 0
github.com/agreen757/tm-tui/internal/ui/app.go:1330.76,1332.76 1 0
github.com/agreen757/tm-tui/internal/ui/app.go:1332.76,1335.3 2 0
github.com/agreen757/tm-tui/internal/ui/app.go:1339.2,1339.84 1 0
github.com/agreen757/tm-tui/internal/ui/app.go:1339.84,1342.3 1 0
github.com/agreen757/tm-tui/internal/ui/app.go:1342.8,1344.3 1 0
github.com/agreen757/tm-tui/internal/ui/app.go:1346.2,1352.26 3 0
github.com/agreen757/tm-tui/internal/ui/app.go:1352.26,1357.3 3 0
github.com/agreen757/tm-tui/internal/ui/app.go:1360.2,1360.48 1 0
github.com/agreen757/tm-tui/internal/ui/app.go:1360.48,1374.3 8 0
github.com/agreen757/tm-tui/internal/ui/app.go:1377.2,1377.39 1 0
github.com/agreen757/tm-tui/internal/ui/app.go:1377.39,1385.34 5 0
github.com/agreen757/tm-tui/internal/ui/app.go:1385.34,1387.4 1 0
github.com/agreen757/tm-tui/internal/ui/app.go:1390.3,1390.58 1 0
github.com/agreen757/tm-tui/internal/ui/app.go:1393.2,1393.12 1 0
github.com/agreen757/tm-tui/internal/ui/app.go:1397.76,1399.60 1 0
github.com/agreen757/tm-tui/internal/ui/app.go:1399.60,1401.3 1 0
github.com/agreen757/tm-tui/internal/ui/app.go:1401.8,1403.3 1 0
github.com/agreen757/tm-tui/internal/ui/app.go:1406.2,1412.48 3 0
github.com/agreen757/tm-tui/internal/ui/app.go:1412.48,1417.3 3 0
github.com/agreen757/tm-tui/internal/ui/app.go:1419.2,1419.12 1 0
github.com/agreen757/tm-tui/internal/ui/app.go:1424.73,1425.30 1 0
github.com/agreen757/tm-tui/internal/ui/app.go:1425.30,1427.3 1 0
github.com/agreen757/tm-tui/internal/ui/app.go:1430.2,1443.12 10 0
github.com/agreen757/tm-tui/internal/ui/app.go:1447.131,1449.19 1 0
github.com/agreen757/tm-tui/internal/ui/app.go:1450.28,1451.63 1 0
github.com/agreen757/tm-tui/internal/ui/app.go:1452.29,1453.64 1 0
github.com/agreen757/tm-tui/internal/ui/app.go:1454.10,1461.13 3 0
github.com/agreen757/tm-tui/internal/ui/app.go:1466.108,1468.53 1 0
github.com/agreen757/tm-tui/internal/ui/app.go:1468.53,1477.3 3 0
github.com/agreen757/tm-tui/internal/ui/app.go:1481.2,1482.28 2 0
github.com/agreen757/tm-tui/internal/ui/app.go:1482.28,1484.3 1 0
github.com/agreen757/tm-tui/internal/ui/app.go:1485.2,1485.43 1 0
github.com/agreen757/tm-tui/internal/ui/app.go:1485.43,1487.3 1 0
github.com/agreen757/tm-tui/internal/ui/app.go:1490.2,1491.16 2 0
github.com/agreen757/tm-tui/internal/ui/app.go:1491.16,1500.3 3 0
github.com/agreen757/tm-tui/internal/ui/app.go:1503.2,1506.25 2 0
github.com/agreen757/tm-tui/internal/ui/app.go:1506.25,1511.3 3 0
github.com/agreen757/tm-tui/internal/ui/app.go:1512.2,1521.3 3 0
github.com/agreen757/tm-tui/internal/ui/app.go:1525.99,1527.53 1 0
github.com/agreen757/tm-tui/internal/ui/app.go:1527.53,1537.3 4 0
github.com/agreen757/tm-tui/internal/ui/app.go:1540.2,1540.23 1 0
github.com/agreen757/tm-tui/internal/ui/app.go:1540.23,1549.3 4 0
github.com/agreen757/tm-tui/internal/ui/app.go:1552.2,1553.28 2 0
github.com/agreen757/tm-tui/internal/ui/app.go:1553.28,1555.3 1 0
github.com/agreen757/tm-tui/internal/ui/app.go:1556.2,1556.43 1 0
github.com/agreen757/tm-tui/internal/ui/app.go:1556.43,1558.3 1 0
github.com/agreen757/tm-tui/internal/ui/app.go:1561.2,1561.25 1 0
github.com/agreen757/tm-tui/internal/ui/app.go:1561.25,1565.3 3 0
github.com/agreen757/tm-tui/internal/ui/app.go:1568.2,1569.9 2 0
github.com/agreen757/tm-tui/internal/ui/app.go:1569.9,1578.3 4 0
github.com/agreen757/tm-tui/internal/ui/app.go:1581.2,1583.33 2 0
github.com/agreen757/tm-tui/internal/ui/app.go:1583.33,1586.27 2 0
github.com/agreen757/tm-tui/internal/ui/app.go:1586.27,1588.12 2 0
github.com/agreen757/tm-tui/internal/ui/app.go:1592.3,1593.28 2 0
github.com/agreen757/tm-tui/internal/ui/app.go:1593.28,1595.12 2 0
github.com/agreen757/tm-tui/internal/ui/app.go:1598.3,1602.17 3 0
github.com/agreen757/tm-tui/internal/ui/app.go:1602.17,1604.12 2 0
github.com/agreen757/tm-tui/internal/ui/app.go:1608.3,1609.17 2 0
github.com/agreen757/tm-tui/internal/ui/app.go:1609.17,1611.12 2 0
github.com/agreen757/tm-tui/internal/ui/app.go:1614.3,1618.30 3 0
github.com/agreen757/tm-tui/internal/ui/app.go:1618.30,1620.4 1 0
github.com/agreen757/tm-tui/internal/ui/app.go:1623.2,1623.20 1 0
github.com/agreen757/tm-tui/internal/ui/app.go:1623.20,1633.3 4 0
github.com/agreen757/tm-tui/internal/ui/app.go:1636.2,1641.27 3 0
github.com/agreen757/tm-tui/internal/ui/app.go:1647.41,1652.2 4 0
github.com/agreen757/tm-tui/internal/ui/app.go:1656.49,1658.2 1 0
github.com/agreen757/tm-tui/internal/ui/app.go:1661.109,1671.2 3 0
github.com/agreen757/tm-tui/internal/ui/app.go:1674.74,1677.23 2 0
github.com/agreen757/tm-tui/internal/ui/app.go:1677.23,1690.32 7 0
github.com/agreen757/tm-tui/internal/ui/app.go:1690.32,1692.4 1 0
github.com/agreen757/tm-tui/internal/ui/app.go:1692.9,1694.4 1 0
github.com/agreen757/tm-tui/internal/ui/app.go:1697.3,1698.18 2 0
github.com/agreen757/tm-tui/internal/ui/app.go:1698.18,1699.32 1 0
github.com/agreen757/tm-tui/internal/ui/app.go:1699.32,1701.5 1 0
github.com/agreen757/tm-tui/internal/ui/app.go:1701.10,1703.5 1 0
github.com/agreen757/tm-tui/internal/ui/app.go:1704.9,1706.4 1 0
github.com/agreen757/tm-tui/internal/ui/app.go:1709.3,1713.26 3 0
github.com/agreen757/tm-tui/internal/ui/app.go:1713.26,1715.33 2 0
github.com/agreen757/tm-tui/internal/ui/app.go:1715.33,1720.5 3 0
github.com/agreen757/tm-tui/internal/ui/app.go:1724.3,1725.17 2 0
github.com/agreen757/tm-tui/internal/ui/app.go:1725.17,1729.4 2 0
github.com/agreen757/tm-tui/internal/ui/app.go:1729.9,1733.4 2 0
github.com/agreen757/tm-tui/internal/ui/app.go:1735.3,1739.46 3 0
github.com/agreen757/tm-tui/internal/ui/app.go:1739.46,1741.4 1 0
github.com/agreen757/tm-tui/internal/ui/app.go:1744.2,1744.19 1 0
github.com/agreen757/tm-tui/internal/ui/app.go:1748.50,1751.42 3 1
github.com/agreen757/tm-tui/internal/ui/app.go:1751.42,1752.24 1 1
github.com/agreen757/tm-tui/internal/ui/app.go:1752.24,1754.48 1 1
github.com/agreen757/tm-tui/internal/ui/app.go:1754.48,1756.59 2 1
github.com/agreen757/tm-tui/internal/ui/app.go:1756.59,1758.6 1 0
github.com/agreen757/tm-tui/internal/ui/app.go:1762.2,1763.15 2 1
github.com/agreen757/tm-tui/internal/ui/app.go:1767.30,1768.30 1 1
github.com/agreen757/tm-tui/internal/ui/app.go:1768.30,1770.3 1 0
github.com/agreen757/tm-tui/internal/ui/app.go:1772.2,1773.44 2 1
github.com/agreen757/tm-tui/internal/ui/app.go:1773.44,1775.3 1 0
github.com/agreen757/tm-tui/internal/ui/app.go:1777.2,1777.67 1 1
github.com/agreen757/tm-tui/internal/ui/app.go:1777.67,1780.42 2 1
github.com/agreen757/tm-tui/internal/ui/app.go:1780.42,1782.4 1 1
github.com/agreen757/tm-tui/internal/ui/app.go:1782.9,1784.4 1 0
github.com/agreen757/tm-tui/internal/ui/app.go:1789.34,1790.30 1 0
github.com/agreen757/tm-tui/internal/ui/app.go:1790.30,1792.3 1 0
github.com/agreen757/tm-tui/internal/ui/app.go:1794.2,1795.25 2 0
github.com/agreen757/tm-tui/internal/ui/app.go:1795.25,1797.3 1 0
github.com/agreen757/tm-tui/internal/ui/app.go:1799.2,1799.67 1 0
github.com/agreen757/tm-tui/internal/ui/app.go:1799.67,1802.42 2 0
github.com/agreen757/tm-tui/internal/ui/app.go:1802.42,1804.4 1 0
github.com/agreen757/tm-tui/internal/ui/app.go:1804.9,1806.4 1 0
github.com/agreen757/tm-tui/internal/ui/app.go:1811.36,1812.27 1 0
github.com/agreen757/tm-tui/internal/ui/app.go:1812.27,1814.3 1 0
github.com/agreen757/tm-tui/internal/ui/app.go:1817.2,1818.20 2 0
github.com/agreen757/tm-tui/internal/ui/app.go:1818.20,1821.3 1 0
github.com/agreen757/tm-tui/internal/ui/app.go:1824.2,1824.28 1 0
github.com/agreen757/tm-tui/internal/ui/app.go:1829.51,1831.21 2 0
github.com/agreen757/tm-tui/internal/ui/app.go:1831.21,1834.3 1 0
github.com/agreen757/tm-tui/internal/ui/app.go:1837.2,1837.48 1 0
github.com/agreen757/tm-tui/internal/ui/app.go:1841.52,1843.9 2 0
github.com/agreen757/tm-tui/internal/ui/app.go:1843.9,1845.3 1 0
github.com/agreen757/tm-tui/internal/ui/app.go:1848.2,1854.35 3 0
github.com/agreen757/tm-tui/internal/ui/app.go:1854.35,1855.21 1 0
github.com/agreen757/tm-tui/internal/ui/app.go:1855.21,1859.4 3 0
github.com/agreen757/tm-tui/internal/ui/app.go:1862.2,1862.14 1 0
github.com/agreen757/tm-tui/internal/ui/app.go:1866.48,1869.39 2 0
github.com/agreen757/tm-tui/internal/ui/app.go:1869.39,1871.3 1 0
github.com/agreen757/tm-tui/internal/ui/app.go:1875.56,1879.34 3 0
github.com/agreen757/tm-tui/internal/ui/app.go:1879.34,1882.3 2 0
github.com/agreen757/tm-tui/internal/ui/app.go:1884.2,1884.18 1 0
github.com/agreen757/tm-tui/internal/ui/app.go:1888.34,1889.64 1 0
github.com/agreen757/tm-tui/internal/ui/app.go:1889.64,1891.3 1 0
github.com/agreen757/tm-tui/internal/ui/app.go:1894.2,1900.38 4 0
github.com/agreen757/tm-tui/internal/ui/app.go:1904.34,1905.64 1 0
github.com/agreen757/tm-tui/internal/ui/app.go:1905.64,1907.3 1 0
github.com/agreen757/tm-tui/internal/ui/app.go:1910.2,1916.38 4 0
github.com/agreen757/tm-tui/internal/ui/app.go:1920.51,1921.38 1 0
github.com/agreen757/tm-tui/internal/ui/app.go:1921.38,1922.24 1 0
github.com/agreen757/tm-tui/internal/ui/app.go:1922.24,1925.49 2 0
github.com/agreen757/tm-tui/internal/ui/app.go:1925.49,1927.5 1 0
github.com/agreen757/tm-tui/internal/ui/app.go:1927.10,1929.5 1 0
github.com/agreen757/tm-tui/internal/ui/app.go:1930.4,1930.10 1 0
github.com/agreen757/tm-tui/internal/ui/app.go:1937.36,1938.27 1 0
github.com/agreen757/tm-tui/internal/ui/app.go:1938.27,1940.3 1 0
github.com/agreen757/tm-tui/internal/ui/app.go:1943.2,1943.76 1 0
github.com/agreen757/tm-tui/internal/ui/app.go:1943.76,1953.3 5 0
github.com/agreen757/tm-tui/internal/ui/app.go:1956.2,1956.22 1 0
github.com/agreen757/tm-tui/internal/ui/app.go:1960.29,1962.50 2 0
github.com/agreen757/tm-tui/internal/ui/app.go:1962.50,1963.24 1 0
github.com/agreen757/tm-tui/internal/ui/app.go:1963.24,1965.30 2 0
github.com/agreen757/tm-tui/internal/ui/app.go:1965.30,1968.5 2 0
github.com/agreen757/tm-tui/internal/ui/app.go:1971.2,1972.25 2 0
github.com/agreen757/tm-tui/internal/ui/app.go:1976.31,1979.2 2 0
github.com/agreen757/tm-tui/internal/ui/app.go:1982.35,1983.27 1 0
github.com/agreen757/tm-tui/internal/ui/app.go:1983.27,1985.3 1 0
github.com/agreen757/tm-tui/internal/ui/app.go:1987.2,1987.38 1 0
github.com/agreen757/tm-tui/internal/ui/app.go:1987.38,1989.3 1 0
github.com/agreen757/tm-tui/internal/ui/app.go:1989.8,1991.3 1 0
github.com/agreen757/tm-tui/internal/ui/app.go:1995.34,1997.2 1 0
github.com/agreen757/tm-tui/internal/ui/app.go:2000.45,2002.32 2 0
github.com/agreen757/tm-tui/internal/ui/app.go:2002.32,2004.3 1 0
github.com/agreen757/tm-tui/internal/ui/app.go:2005.2,2005.17 1 0
github.com/agreen757/tm-tui/internal/ui/app.go:2009.52,2011.2 1 0
github.com/agreen757/tm-tui/internal/ui/app.go:2014.74,2017.26 2 0
github.com/agreen757/tm-tui/internal/ui/app.go:2017.26,2019.3 1 0
github.com/agreen757/tm-tui/internal/ui/app.go:2019.8,2021.3 1 0
github.com/agreen757/tm-tui/internal/ui/app.go:2024.2,2024.25 1 0
github.com/agreen757/tm-tui/internal/ui/app.go:2024.25,2026.3 1 0
github.com/agreen757/tm-tui/internal/ui/app.go:2028.2,2028.64 1 0
github.com/agreen757/tm-tui/internal/ui/app.go:2032.97,2035.23 2 0
github.com/agreen757/tm-tui/internal/ui/app.go:2035.23,2040.29 3 0
github.com/agreen757/tm-tui/internal/ui/app.go:2040.29,2042.33 2 0
github.com/agreen757/tm-tui/internal/ui/app.go:2042.33,2046.5 2 0
github.com/agreen757/tm-tui/internal/ui/app.go:2046.10,2046.22 1 0
github.com/agreen757/tm-tui/internal/ui/app.go:2046.22,2050.5 2 0
github.com/agreen757/tm-tui/internal/ui/app.go:2051.9,2051.21 1 0
github.com/agreen757/tm-tui/internal/ui/app.go:2051.21,2054.4 1 0
github.com/agreen757/tm-tui/internal/ui/app.go:2057.2,2057.17 1 0
github.com/agreen757/tm-tui/internal/ui/app.go:2061.96,2062.17 1 0
github.com/agreen757/tm-tui/internal/ui/app.go:2062.17,2064.3 1 0
github.com/agreen757/tm-tui/internal/ui/app.go:2066.2,2069.23 3 0
github.com/agreen757/tm-tui/internal/ui/app.go:2069.23,2077.29 3 0
github.com/agreen757/tm-tui/internal/ui/app.go:2077.29,2079.33 2 0
github.com/agreen757/tm-tui/internal/ui/app.go:2079.33,2083.5 2 0
github.com/agreen757/tm-tui/internal/ui/app.go:2083.10,2083.22 1 0
github.com/agreen757/tm-tui/internal/ui/app.go:2083.22,2087.5 2 0
github.com/agreen757/tm-tui/internal/ui/app.go:2088.9,2088.21 1 0
github.com/agreen757/tm-tui/internal/ui/app.go:2088.21,2091.4 1 0
github.com/agreen757/tm-tui/internal/ui/app.go:2094.2,2094.17 1 0
github.com/agreen757/tm-tui/internal/ui/app.go:2098.46,2099.30 1 0
github.com/agreen757/tm-tui/internal/ui/app.go:2099.30,2101.3 1 0
github.com/agreen757/tm-tui/internal/ui/app.go:2103.2,2105.21 3 0
github.com/agreen757/tm-tui/internal/ui/app.go:2105.21,2107.3 1 0
github.com/agreen757/tm-tui/internal/ui/app.go:2109.2,2110.33 2 0
github.com/agreen757/tm-tui/internal/ui/app.go:2110.33,2112.44 1 0
github.com/agreen757/tm-tui/internal/ui/app.go:2112.44,2114.4 1 0
github.com/agreen757/tm-tui/internal/ui/app.go:2114.9,2118.4 2 0
github.com/agreen757/tm-tui/internal/ui/app.go:2122.2,2124.34 2 0
github.com/agreen757/tm-tui/internal/ui/app.go:2128.43,2129.27 1 0
github.com/agreen757/tm-tui/internal/ui/app.go:2129.27,2131.3 1 0
github.com/agreen757/tm-tui/internal/ui/app.go:2135.2,2136.20 2 0
github.com/agreen757/tm-tui/internal/ui/app.go:2136.20,2138.3 1 0
github.com/agreen757/tm-tui/internal/ui/app.go:2140.2,2142.47 2 0
github.com/agreen757/tm-tui/internal/ui/app.go:2142.47,2144.3 1 0
github.com/agreen757/tm-tui/internal/ui/app.go:2145.2,2155.35 6 0
github.com/agreen757/tm-tui/internal/ui/app.go:2155.35,2158.34 3 0
github.com/agreen757/tm-tui/internal/ui/app.go:2158.34,2160.4 1 0
github.com/agreen757/tm-tui/internal/ui/app.go:2161.8,2163.3 1 0
github.com/agreen757/tm-tui/internal/ui/app.go:2164.2,2174.25 7 0
github.com/agreen757/tm-tui/internal/ui/app.go:2174.25,2178.3 3 0
github.com/agreen757/tm-tui/internal/ui/app.go:2181.2,2181.25 1 0
github.com/agreen757/tm-tui/internal/ui/app.go:2181.25,2189.3 6 0
github.com/agreen757/tm-tui/internal/ui/app.go:2192.2,2192.32 1 0
github.com/agreen757/tm-tui/internal/ui/app.go:2192.32,2197.42 4 0
github.com/agreen757/tm-tui/internal/ui/app.go:2197.42,2200.35 3 0
github.com/agreen757/tm-tui/internal/ui/app.go:2200.35,2202.5 1 0
github.com/agreen757/tm-tui/internal/ui/app.go:2203.9,2205.4 1 0
github.com/agreen757/tm-tui/internal/ui/app.go:2206.3,2206.24 1 0
github.com/agreen757/tm-tui/internal/ui/app.go:2210.2,2210.28 1 0
github.com/agreen757/tm-tui/internal/ui/app.go:2210.28,2216.3 5 0
github.com/agreen757/tm-tui/internal/ui/app.go:2219.2,2219.24 1 0
github.com/agreen757/tm-tui/internal/ui/app.go:2219.24,2225.3 5 0
github.com/agreen757/tm-tui/internal/ui/app.go:2228.2,2228.29 1 0
github.com/agreen757/tm-tui/internal/ui/app.go:2228.29,2234.3 5 0
github.com/agreen757/tm-tui/internal/ui/app.go:2237.2,2237.28 1 0
github.com/agreen757/tm-tui/internal/ui/app.go:2237.28,2239.41 2 0
github.com/agreen757/tm-tui/internal/ui/app.go:2239.41,2240.32 1 0
github.com/agreen757/tm-tui/internal/ui/app.go:2240.32,2242.5 1 0
github.com/agreen757/tm-tui/internal/ui/app.go:2244.3,2246.22 3 0
github.com/agreen757/tm-tui/internal/ui/app.go:2249.2,2249.19 1 0
github.com/agreen757/tm-tui/internal/ui/app.go:2253.41,2256.2 2 0
github.com/agreen757/tm-tui/internal/ui/app.go:2259.42,2260.23 1 0
github.com/agreen757/tm-tui/internal/ui/app.go:2260.23,2263.3 2 0
github.com/agreen757/tm-tui/internal/ui/app.go:2266.2,2267.20 2 0
github.com/agreen757/tm-tui/internal/ui/app.go:2268.20,2269.26 1 0
github.com/agreen757/tm-tui/internal/ui/app.go:2270.20,2271.26 1 0
github.com/agreen757/tm-tui/internal/ui/app.go:2272.22,2273.28 1 0
github.com/agreen757/tm-tui/internal/ui/app.go:2275.2,2279.20 3 0
github.com/agreen757/tm-tui/internal/ui/app.go:2280.20,2281.48 1 0
github.com/agreen757/tm-tui/internal/ui/app.go:2282.22,2284.85 1 0
github.com/agreen757/tm-tui/internal/ui/app.go:2285.10,2288.50 2 0
github.com/agreen757/tm-tui/internal/ui/app.go:2288.50,2290.31 2 0
github.com/agreen757/tm-tui/internal/ui/app.go:2290.31,2292.5 1 0
github.com/agreen757/tm-tui/internal/ui/app.go:2292.10,2294.5 1 0
github.com/agreen757/tm-tui/internal/ui/app.go:2295.9,2297.4 1 0
github.com/agreen757/tm-tui/internal/ui/app.go:2300.2,2300.40 1 0
github.com/agreen757/tm-tui/internal/ui/app.go:2304.40,2309.76 3 0
github.com/agreen757/tm-tui/internal/ui/app.go:2309.76,2311.3 1 0
github.com/agreen757/tm-tui/internal/ui/app.go:2311.8,2313.3 1 0
github.com/agreen757/tm-tui/internal/ui/app.go:2315.2,2315.37 1 0
github.com/agreen757/tm-tui/internal/ui/app.go:2315.37,2326.32 5 0
github.com/agreen757/tm-tui/internal/ui/app.go:2326.32,2328.4 1 0
github.com/agreen757/tm-tui/internal/ui/app.go:2328.9,2330.4 1 0
github.com/agreen757/tm-tui/internal/ui/app.go:2333.3,2339.30 5 0
github.com/agreen757/tm-tui/internal/ui/app.go:2339.30,2341.4 1 0
github.com/agreen757/tm-tui/internal/ui/app.go:2341.9,2341.41 1 0
github.com/agreen757/tm-tui/internal/ui/app.go:2341.41,2343.4 1 0
github.com/agreen757/tm-tui/internal/ui/app.go:2346.3,2347.17 2 0
github.com/agreen757/tm-tui/internal/ui/app.go:2347.17,2350.4 2 0
github.com/agreen757/tm-tui/internal/ui/app.go:2350.9,2353.4 2 0
github.com/agreen757/tm-tui/internal/ui/app.go:2355.3,2356.31 2 0
github.com/agreen757/tm-tui/internal/ui/app.go:2356.31,2358.4 1 0
github.com/agreen757/tm-tui/internal/ui/app.go:2361.2,2361.19 1 0
github.com/agreen757/tm-tui/internal/ui/app.go:2365.53,2368.42 3 0
github.com/agreen757/tm-tui/internal/ui/app.go:2368.42,2369.24 1 0
github.com/agreen757/tm-tui/internal/ui/app.go:2369.24,2371.48 1 0
github.com/agreen757/tm-tui/internal/ui/app.go:2371.48,2373.31 2 0
github.com/agreen757/tm-tui/internal/ui/app.go:2373.31,2375.6 1 0
github.com/agreen757/tm-tui/internal/ui/app.go:2379.2,2380.15 2 0
github.com/agreen757/tm-tui/internal/ui/app.go:2384.41,2387.2 2 0
github.com/agreen757/tm-tui/internal/ui/app.go:2419.35,2420.26 1 0
github.com/agreen757/tm-tui/internal/ui/app.go:2420.26,2422.3 1 0
github.com/agreen757/tm-tui/internal/ui/app.go:2425.2,2426.20 2 0
github.com/agreen757/tm-tui/internal/ui/app.go:2426.20,2428.3 1 0
github.com/agreen757/tm-tui/internal/ui/app.go:2431.2,2432.34 2 0
github.com/agreen757/tm-tui/internal/ui/app.go:2432.34,2433.17 1 0
github.com/agreen757/tm-tui/internal/ui/app.go:2433.17,2435.12 2 0
github.com/agreen757/tm-tui/internal/ui/app.go:2437.3,2438.51 2 0
github.com/agreen757/tm-tui/internal/ui/app.go:2441.2,2441.41 1 0
github.com/agreen757/tm-tui/internal/ui/app.go:2477.37,2482.2 3 0
github.com/agreen757/tm-tui/internal/ui/app.go:2485.46,2486.31 1 0
github.com/agreen757/tm-tui/internal/ui/app.go:2486.31,2489.3 2 0
github.com/agreen757/tm-tui/internal/ui/app.go:2492.2,2493.28 2 0
github.com/agreen757/tm-tui/internal/ui/app.go:2493.28,2495.3 1 0
github.com/agreen757/tm-tui/internal/ui/app.go:2495.8,2495.34 1 0
github.com/agreen757/tm-tui/internal/ui/app.go:2495.34,2497.3 1 0
github.com/agreen757/tm-tui/internal/ui/app.go:2497.8,2500.3 2 0
github.com/agreen757/tm-tui/internal/ui/app.go:2503.2,2503.33 1 0
github.com/agreen757/tm-tui/internal/ui/app.go:2503.33,2505.129 2 0
github.com/agreen757/tm-tui/internal/ui/app.go:2505.129,2508.4 2 0
github.com/agreen757/tm-tui/internal/ui/app.go:2512.2,2512.20 1 0
github.com/agreen757/tm-tui/internal/ui/app.go:2516.32,2533.2 2 0
github.com/agreen757/tm-tui/internal/ui/app.go:2536.51,2539.2 1 0
github.com/agreen757/tm-tui/internal/ui/app.go:2542.39,2544.2 1 0
github.com/agreen757/tm-tui/internal/ui/app.go:2547.37,2560.34 3 0
github.com/agreen757/tm-tui/internal/ui/app.go:2560.34,2561.31 1 0
github.com/agreen757/tm-tui/internal/ui/app.go:2561.31,2563.9 2 0
github.com/agreen757/tm-tui/internal/ui/app.go:2568.2,2572.26 3 0
github.com/agreen757/tm-tui/internal/ui/app.go:2572.26,2574.3 1 0
github.com/agreen757/tm-tui/internal/ui/app.go:2574.8,2576.3 1 0
github.com/agreen757/tm-tui/internal/ui/app.go:2579.2,2579.25 1 0
github.com/agreen757/tm-tui/internal/ui/app.go:2583.39,2589.26 3 0
github.com/agreen757/tm-tui/internal/ui/app.go:2589.26,2591.3 1 0
github.com/agreen757/tm-tui/internal/ui/app.go:2591.8,2592.33 1 0
github.com/agreen757/tm-tui/internal/ui/app.go:2592.33,2593.37 1 0
github.com/agreen757/tm-tui/internal/ui/app.go:2593.37,2595.5 1 0
github.com/agreen757/tm-tui/internal/ui/app.go:2600.2,2600.25 1 0
github.com/agreen757/tm-tui/internal/ui/app.go:2600.25,2603.3 2 0
github.com/agreen757/tm-tui/internal/ui/app.go:2603.8,2607.39 3 0
github.com/agreen757/tm-tui/internal/ui/app.go:2607.39,2610.69 1 0
github.com/agreen757/tm-tui/internal/ui/app.go:2610.69,2612.5 1 0
github.com/agreen757/tm-tui/internal/ui/app.go:2615.3,2616.35 2 0
github.com/agreen757/tm-tui/internal/ui/app.go:2619.2,2622.27 2 0
github.com/agreen757/tm-tui/internal/ui/app.go:2622.27,2624.39 2 0
github.com/agreen757/tm-tui/internal/ui/app.go:2624.39,2625.36 1 0
github.com/agreen757/tm-tui/internal/ui/app.go:2625.36,2627.10 2 0
github.com/agreen757/tm-tui/internal/ui/app.go:2630.3,2630.40 1 0
github.com/agreen757/tm-tui/internal/ui/app.go:2630.40,2633.43 2 0
github.com/agreen757/tm-tui/internal/ui/app.go:2633.43,2635.5 1 0
github.com/agreen757/tm-tui/internal/ui/app.go:2635.10,2637.5 1 0
github.com/agreen757/tm-tui/internal/ui/app.go:2638.4,2639.29 2 0
github.com/agreen757/tm-tui/internal/ui/app.go:2645.66,2650.60 2 0
github.com/agreen757/tm-tui/internal/ui/app.go:2650.60,2653.3 2 0
github.com/agreen757/tm-tui/internal/ui/app.go:2655.2,2655.35 1 0
github.com/agreen757/tm-tui/internal/ui/app.go:2656.25,2665.41 5 0
github.com/agreen757/tm-tui/internal/ui/app.go:2665.41,2667.4 1 0
github.com/agreen757/tm-tui/internal/ui/app.go:2670.3,2670.21 1 0
github.com/agreen757/tm-tui/internal/ui/app.go:2670.21,2672.4 1 0
github.com/agreen757/tm-tui/internal/ui/app.go:2674.3,2674.16 1 0
github.com/agreen757/tm-tui/internal/ui/app.go:2676.22,2682.23 3 0
github.com/agreen757/tm-tui/internal/ui/app.go:2682.23,2684.4 1 0
github.com/agreen757/tm-tui/internal/ui/app.go:2686.3,2688.16 3 0
github.com/agreen757/tm-tui/internal/ui/app.go:2690.24,2696.28 3 0
github.com/agreen757/tm-tui/internal/ui/app.go:2696.28,2697.54 1 0
github.com/agreen757/tm-tui/internal/ui/app.go:2697.54,2699.5 1 0
github.com/agreen757/tm-tui/internal/ui/app.go:2702.3,2707.46 4 0
github.com/agreen757/tm-tui/internal/ui/app.go:2709.25,2715.49 3 0
github.com/agreen757/tm-tui/internal/ui/app.go:2717.25,2722.42 1 0
github.com/agreen757/tm-tui/internal/ui/app.go:2722.42,2724.22 2 0
github.com/agreen757/tm-tui/internal/ui/app.go:2724.22,2727.5 2 0
github.com/agreen757/tm-tui/internal/ui/app.go:2731.3,2731.41 1 0
github.com/agreen757/tm-tui/internal/ui/app.go:2731.41,2734.70 2 0
github.com/agreen757/tm-tui/internal/ui/app.go:2734.70,2735.73 1 0
github.com/agreen757/tm-tui/internal/ui/app.go:2735.73,2737.6 1 0
github.com/agreen757/tm-tui/internal/ui/app.go:2742.3,2742.49 1 0
github.com/agreen757/tm-tui/internal/ui/app.go:2744.23,2746.66 1 0
github.com/agreen757/tm-tui/internal/ui/app.go:2746.66,2748.70 1 0
github.com/agreen757/tm-tui/internal/ui/app.go:2748.70,2749.73 1 0
github.com/agreen757/tm-tui/internal/ui/app.go:2749.73,2751.42 1 0
github.com/agreen757/tm-tui/internal/ui/app.go:2751.42,2755.14 3 0
github.com/agreen757/tm-tui/internal/ui/app.go:2756.79,2757.91 1 0
github.com/agreen757/tm-tui/internal/ui/app.go:2758.69,2759.84 1 0
github.com/agreen757/tm-tui/internal/ui/app.go:2760.74,2761.91 1 0
github.com/agreen757/tm-tui/internal/ui/app.go:2762.15,2763.53 1 0
github.com/agreen757/tm-tui/internal/ui/app.go:2765.7,2766.39 2 0
github.com/agreen757/tm-tui/internal/ui/app.go:2767.12,2767.54 1 0
github.com/agreen757/tm-tui/internal/ui/app.go:2767.54,2769.7 1 0
github.com/agreen757/tm-tui/internal/ui/app.go:2771.6,2771.31 1 0
github.com/agreen757/tm-tui/internal/ui/app.go:2777.3,2777.66 1 0
github.com/agreen757/tm-tui/internal/ui/app.go:2777.66,2779.88 1 0
github.com/agreen757/tm-tui/internal/ui/app.go:2779.88,2783.41 2 0
github.com/agreen757/tm-tui/internal/ui/app.go:2783.41,2787.13 3 0
github.com/agreen757/tm-tui/internal/ui/app.go:2788.78,2789.90 1 0
github.com/agreen757/tm-tui/internal/ui/app.go:2790.68,2791.83 1 0
github.com/agreen757/tm-tui/internal/ui/app.go:2792.73,2793.90 1 0
github.com/agreen757/tm-tui/internal/ui/app.go:2794.14,2795.52 1 0
github.com/agreen757/tm-tui/internal/ui/app.go:2797.6,2797.25 1 0
github.com/agreen757/tm-tui/internal/ui/app.go:2798.11,2798.32 1 0
github.com/agreen757/tm-tui/internal/ui/app.go:2798.32,2800.6 1 0
github.com/agreen757/tm-tui/internal/ui/app.go:2803.5,2803.40 1 0
github.com/agreen757/tm-tui/internal/ui/app.go:2807.3,2807.47 1 0
github.com/agreen757/tm-tui/internal/ui/app.go:2809.27,2811.18 1 0
github.com/agreen757/tm-tui/internal/ui/app.go:2811.18,2813.4 1 0
github.com/agreen757/tm-tui/internal/ui/app.go:2813.9,2815.4 1 0
github.com/agreen757/tm-tui/internal/ui/app.go:2818.3,2819.31 2 0
github.com/agreen757/tm-tui/internal/ui/app.go:2821.16,2825.16 3 0
github.com/agreen757/tm-tui/internal/ui/app.go:2827.23,2831.16 3 0
github.com/agreen757/tm-tui/internal/ui/app.go:2834.32,2837.16 2 0
github.com/agreen757/tm-tui/internal/ui/app.go:2840.34,2843.16 2 0
github.com/agreen757/tm-tui/internal/ui/app.go:2845.37,2847.65 1 0
github.com/agreen757/tm-tui/internal/ui/app.go:2847.65,2849.4 1 0
github.com/agreen757/tm-tui/internal/ui/app.go:2850.3,2850.63 1 0
github.com/agreen757/tm-tui/internal/ui/app.go:2850.63,2852.4 1 0
github.com/agreen757/tm-tui/internal/ui/app.go:2853.3,2853.31 1 0
github.com/agreen757/tm-tui/internal/ui/app.go:2855.38,2857.59 1 0
github.com/agreen757/tm-tui/internal/ui/app.go:2857.59,2861.54 4 0
github.com/agreen757/tm-tui/internal/ui/app.go:2861.54,2863.5 1 0
github.com/agreen757/tm-tui/internal/ui/app.go:2865.3,2866.66 2 0
github.com/agreen757/tm-tui/internal/ui/app.go:2866.66,2868.4 1 0
github.com/agreen757/tm-tui/internal/ui/app.go:2869.3,2869.31 1 0
github.com/agreen757/tm-tui/internal/ui/app.go:2871.25,2872.53 1 0
github.com/agreen757/tm-tui/internal/ui/app.go:2872.53,2874.4 1 0
github.com/agreen757/tm-tui/internal/ui/app.go:2875.3,2875.55 1 0
github.com/agreen757/tm-tui/internal/ui/app.go:2875.55,2877.4 1 0
github.com/agreen757/tm-tui/internal/ui/app.go:2878.3,2878.31 1 0
github.com/agreen757/tm-tui/internal/ui/app.go:2880.31,2882.16 2 0
github.com/agreen757/tm-tui/internal/ui/app.go:2884.33,2886.16 2 0
github.com/agreen757/tm-tui/internal/ui/app.go:2888.29,2890.41 1 0
github.com/agreen757/tm-tui/internal/ui/app.go:2890.41,2891.68 1 0
github.com/agreen757/tm-tui/internal/ui/app.go:2891.68,2892.51 1 0
github.com/agreen757/tm-tui/internal/ui/app.go:2892.51,2895.6 2 0
github.com/agreen757/tm-tui/internal/ui/app.go:2899.3,2899.57 1 0
github.com/agreen757/tm-tui/internal/ui/app.go:2899.57,2901.4 1 0
github.com/agreen757/tm-tui/internal/ui/app.go:2902.3,2902.31 1 0
github.com/agreen757/tm-tui/internal/ui/app.go:2904.30,2906.23 2 0
github.com/agreen757/tm-tui/internal/ui/app.go:2906.23,2914.4 2 0
github.com/agreen757/tm-tui/internal/ui/app.go:2914.9,2917.42 2 0
github.com/agreen757/tm-tui/internal/ui/app.go:2917.42,2919.5 1 0
github.com/agreen757/tm-tui/internal/ui/app.go:2921.4,2921.52 1 0
github.com/agreen757/tm-tui/internal/ui/app.go:2923.3,2923.31 1 0
github.com/agreen757/tm-tui/internal/ui/app.go:2925.33,2927.16 2 0
github.com/agreen757/tm-tui/internal/ui/app.go:2929.33,2932.16 2 0
github.com/agreen757/tm-tui/internal/ui/app.go:2934.34,2937.16 2 0
github.com/agreen757/tm-tui/internal/ui/app.go:2939.34,2942.16 2 0
github.com/agreen757/tm-tui/internal/ui/app.go:2944.36,2947.16 2 0
github.com/agreen757/tm-tui/internal/ui/app.go:2950.33,2953.16 2 0
github.com/agreen757/tm-tui/internal/ui/app.go:2955.28,2957.56 1 0
github.com/agreen757/tm-tui/internal/ui/app.go:2957.56,2959.4 1 0
github.com/agreen757/tm-tui/internal/ui/app.go:2960.3,2960.31 1 0
github.com/agreen757/tm-tui/internal/ui/app.go:2962.29,2964.57 1 0
github.com/agreen757/tm-tui/internal/ui/app.go:2964.57,2966.4 1 0
github.com/agreen757/tm-tui/internal/ui/app.go:2967.3,2967.31 1 0
github.com/agreen757/tm-tui/internal/ui/app.go:2969.32,2971.16 2 0
github.com/agreen757/tm-tui/internal/ui/app.go:2973.30,2974.54 1 0
github.com/agreen757/tm-tui/internal/ui/app.go:2974.54,2976.4 1 0
github.com/agreen757/tm-tui/internal/ui/app.go:2977.3,2977.16 1 0
github.com/agreen757/tm-tui/internal/ui/app.go:2979.19,2980.47 1 0
github.com/agreen757/tm-tui/internal/ui/app.go:2980.47,2982.4 1 0
github.com/agreen757/tm-tui/internal/ui/app.go:2983.3,2983.16 1 0
github.com/agreen757/tm-tui/internal/ui/app.go:2985.22,2987.16 2 0
github.com/agreen757/tm-tui/internal/ui/app.go:2989.32,2991.16 2 0
github.com/agreen757/tm-tui/internal/ui/app.go:2993.21,2994.23 1 0
github.com/agreen757/tm-tui/internal/ui/app.go:2994.23,2995.37 1 0
github.com/agreen757/tm-tui/internal/ui/app.go:2995.37,2997.5 1 0
github.com/agreen757/tm-tui/internal/ui/app.go:2999.3,2999.16 1 0
github.com/agreen757/tm-tui/internal/ui/app.go:3001.31,3002.52 1 0
github.com/agreen757/tm-tui/internal/ui/app.go:3002.52,3004.4 1 0
github.com/agreen757/tm-tui/internal/ui/app.go:3005.3,3005.16 1 0
github.com/agreen757/tm-tui/internal/ui/app.go:3007.34,3009.28 1 0
github.com/agreen757/tm-tui/internal/ui/app.go:3010.10,3011.27 1 0
github.com/agreen757/tm-tui/internal/ui/app.go:3012.10,3013.30 1 0
github.com/agreen757/tm-tui/internal/ui/app.go:3014.10,3015.30 1 0
github.com/agreen757/tm-tui/internal/ui/app.go:3016.10,3017.25 1 0
github.com/agreen757/tm-tui/internal/ui/app.go:3019.3,3019.16 1 0
github.com/agreen757/tm-tui/internal/ui/app.go:3021.32,3022.53 1 0
github.com/agreen757/tm-tui/internal/ui/app.go:3022.53,3024.4 1 0
github.com/agreen757/tm-tui/internal/ui/app.go:3025.3,3025.16 1 0
github.com/agreen757/tm-tui/internal/ui/app.go:3027.32,3028.53 1 0
github.com/agreen757/tm-tui/internal/ui/app.go:3028.53,3030.4 1 0
github.com/agreen757/tm-tui/internal/ui/app.go:3031.3,3031.16 1 0
github.com/agreen757/tm-tui/internal/ui/app.go:3032.24,3033.21 1 0
github.com/agreen757/tm-tui/internal/ui/app.go:3033.21,3042.4 3 0
github.com/agreen757/tm-tui/internal/ui/app.go:3043.3,3044.16 2 0
github.com/agreen757/tm-tui/internal/ui/app.go:3045.23,3046.54 1 0
github.com/agreen757/tm-tui/internal/ui/app.go:3046.54,3048.4 1 0
github.com/agreen757/tm-tui/internal/ui/app.go:3049.3,3049.16 1 0
github.com/agreen757/tm-tui/internal/ui/app.go:3050.26,3053.21 3 0
github.com/agreen757/tm-tui/internal/ui/app.go:3053.21,3062.4 3 0
github.com/agreen757/tm-tui/internal/ui/app.go:3063.3,3063.22 1 0
github.com/agreen757/tm-tui/internal/ui/app.go:3063.22,3067.4 3 0
github.com/agreen757/tm-tui/internal/ui/app.go:3068.3,3070.35 3 0
github.com/agreen757/tm-tui/internal/ui/app.go:3070.35,3072.4 1 0
github.com/agreen757/tm-tui/internal/ui/app.go:3073.3,3073.16 1 0
github.com/agreen757/tm-tui/internal/ui/app.go:3073.16,3074.47 1 0
github.com/agreen757/tm-tui/internal/ui/app.go:3074.47,3076.5 1 0
github.com/agreen757/tm-tui/internal/ui/app.go:3078.3,3078.31 1 0
github.com/agreen757/tm-tui/internal/ui/app.go:3081.29,3085.26 3 0
github.com/agreen757/tm-tui/internal/ui/app.go:3085.26,3091.4 4 0
github.com/agreen757/tm-tui/internal/ui/app.go:3093.3,3094.27 2 0
github.com/agreen757/tm-tui/internal/ui/app.go:3094.27,3096.4 1 0
github.com/agreen757/tm-tui/internal/ui/app.go:3097.3,3097.17 1 0
github.com/agreen757/tm-tui/internal/ui/app.go:3097.17,3099.4 1 0
github.com/agreen757/tm-tui/internal/ui/app.go:3101.3,3102.31 2 0
github.com/agreen757/tm-tui/internal/ui/app.go:3104.32,3110.31 4 0
github.com/agreen757/tm-tui/internal/ui/app.go:3112.39,3114.26 1 0
github.com/agreen757/tm-tui/internal/ui/app.go:3114.26,3116.18 2 0
github.com/agreen757/tm-tui/internal/ui/app.go:3116.18,3118.5 1 0
github.com/agreen757/tm-tui/internal/ui/app.go:3121.3,3121.51 1 0
github.com/agreen757/tm-tui/internal/ui/app.go:3121.51,3123.4 1 0
github.com/agreen757/tm-tui/internal/ui/app.go:3124.3,3124.31 1 0
github.com/agreen757/tm-tui/internal/ui/app.go:3126.28,3128.26 2 0
github.com/agreen757/tm-tui/internal/ui/app.go:3128.26,3130.28 2 0
github.com/agreen757/tm-tui/internal/ui/app.go:3130.28,3132.5 1 0
github.com/agreen757/tm-tui/internal/ui/app.go:3133.4,3133.18 1 0
github.com/agreen757/tm-tui/internal/ui/app.go:3133.18,3135.5 1 0
github.com/agreen757/tm-tui/internal/ui/app.go:3138.3,3138.51 1 0
github.com/agreen757/tm-tui/internal/ui/app.go:3138.51,3140.4 1 0
github.com/agreen757/tm-tui/internal/ui/app.go:3141.3,3141.31 1 0
github.com/agreen757/tm-tui/internal/ui/app.go:3143.31,3144.26 1 0
github.com/agreen757/tm-tui/internal/ui/app.go:3144.26,3146.28 2 0
github.com/agreen757/tm-tui/internal/ui/app.go:3146.28,3148.5 1 0
github.com/agreen757/tm-tui/internal/ui/app.go:3150.4,3150.39 1 0
github.com/agreen757/tm-tui/internal/ui/app.go:3150.39,3154.5 2 0
github.com/agreen757/tm-tui/internal/ui/app.go:3155.4,3155.18 1 0
github.com/agreen757/tm-tui/internal/ui/app.go:3155.18,3157.5 1 0
github.com/agreen757/tm-tui/internal/ui/app.go:3160.3,3163.35 2 0
github.com/agreen757/tm-tui/internal/ui/app.go:3163.35,3167.76 2 0
github.com/agreen757/tm-tui/internal/ui/app.go:3167.76,3173.5 2 0
github.com/agreen757/tm-tui/internal/ui/app.go:3177.3,3177.40 1 0
github.com/agreen757/tm-tui/internal/ui/app.go:3177.40,3179.29 1 0
github.com/agreen757/tm-tui/internal/ui/app.go:3179.29,3181.5 1 0
github.com/agreen757/tm-tui/internal/ui/app.go:3182.4,3182.51 1 0
github.com/agreen757/tm-tui/internal/ui/app.go:3186.3,3186.40 1 0
github.com/agreen757/tm-tui/internal/ui/app.go:3186.40,3188.29 1 0
github.com/agreen757/tm-tui/internal/ui/app.go:3188.29,3190.5 1 0
github.com/agreen757/tm-tui/internal/ui/app.go:3191.4,3191.52 1 0
github.com/agreen757/tm-tui/internal/ui/app.go:3194.3,3194.31 1 0
github.com/agreen757/tm-tui/internal/ui/app.go:3196.28,3197.26 1 0
github.com/agreen757/tm-tui/internal/ui/app.go:3197.26,3199.28 2 0
github.com/agreen757/tm-tui/internal/ui/app.go:3199.28,3201.5 1 0
github.com/agreen757/tm-tui/internal/ui/app.go:3203.4,3203.39 1 0
github.com/agreen757/tm-tui/internal/ui/app.go:3203.39,3207.5 2 0
github.com/agreen757/tm-tui/internal/ui/app.go:3208.4,3208.18 1 0
github.com/agreen757/tm-tui/internal/ui/app.go:3208.18,3210.5 1 0
github.com/agreen757/tm-tui/internal/ui/app.go:3213.3,3217.35 3 0
github.com/agreen757/tm-tui/internal/ui/app.go:3217.35,3218.33 1 0
github.com/agreen757/tm-tui/internal/ui/app.go:3218.33,3220.5 1 0
github.com/agreen757/tm-tui/internal/ui/app.go:3221.4,3221.99 1 0
github.com/agreen757/tm-tui/internal/ui/app.go:3225.3,3225.40 1 0
github.com/agreen757/tm-tui/internal/ui/app.go:3225.40,3227.4 1 0
github.com/agreen757/tm-tui/internal/ui/app.go:3230.3,3230.40 1 0
github.com/agreen757/tm-tui/internal/ui/app.go:3230.40,3232.4 1 0
github.com/agreen757/tm-tui/internal/ui/app.go:3234.3,3234.31 1 0
github.com/agreen757/tm-tui/internal/ui/app.go:3236.31,3237.26 1 0
github.com/agreen757/tm-tui/internal/ui/app.go:3237.26,3239.28 2 0
github.com/agreen757/tm-tui/internal/ui/app.go:3239.28,3241.5 1 0
github.com/agreen757/tm-tui/internal/ui/app.go:3243.4,3243.39 1 0
github.com/agreen757/tm-tui/internal/ui/app.go:3243.39,3247.5 2 0
github.com/agreen757/tm-tui/internal/ui/app.go:3248.4,3248.18 1 0
github.com/agreen757/tm-tui/internal/ui/app.go:3248.18,3250.5 1 0
github.com/agreen757/tm-tui/internal/ui/app.go:3253.3,3255.31 3 0
github.com/agreen757/tm-tui/internal/ui/app.go:3257.37,3259.26 1 0
github.com/agreen757/tm-tui/internal/ui/app.go:3259.26,3261.28 2 0
github.com/agreen757/tm-tui/internal/ui/app.go:3261.28,3268.5 4 0
github.com/agreen757/tm-tui/internal/ui/app.go:3268.10,3270.5 1 0
github.com/agreen757/tm-tui/internal/ui/app.go:3271.4,3271.17 1 0
github.com/agreen757/tm-tui/internal/ui/app.go:3273.3,3273.16 1 0
github.com/agreen757/tm-tui/internal/ui/app.go:3275.27,3278.55 1 0
github.com/agreen757/tm-tui/internal/ui/app.go:3278.55,3283.4 4 0
github.com/agreen757/tm-tui/internal/ui/app.go:3284.3,3284.16 1 0
github.com/agreen757/tm-tui/internal/ui/app.go:3286.15,3289.26 1 0
github.com/agreen757/tm-tui/internal/ui/app.go:3289.26,3291.27 1 0
github.com/agreen757/tm-tui/internal/ui/app.go:3291.27,3293.29 2 0
github.com/agreen757/tm-tui/internal/ui/app.go:3293.29,3300.6 4 0
github.com/agreen757/tm-tui/internal/ui/app.go:3301.5,3302.19 2 0
github.com/agreen757/tm-tui/internal/ui/app.go:3302.19,3304.6 1 0
github.com/agreen757/tm-tui/internal/ui/app.go:3308.4,3308.77 1 0
github.com/agreen757/tm-tui/internal/ui/app.go:3308.77,3310.5 1 0
github.com/agreen757/tm-tui/internal/ui/app.go:3312.3,3312.31 1 0
github.com/agreen757/tm-tui/internal/ui/app.go:3314.18,3316.17 1 0
github.com/agreen757/tm-tui/internal/ui/app.go:3316.17,3317.24 1 0
github.com/agreen757/tm-tui/internal/ui/app.go:3318.20,3320.18 2 0
github.com/agreen757/tm-tui/internal/ui/app.go:3321.12,3325.18 3 0
github.com/agreen757/tm-tui/internal/ui/app.go:3330.3,3330.41 1 0
github.com/agreen757/tm-tui/internal/ui/app.go:3331.31,3332.55 1 0
github.com/agreen757/tm-tui/internal/ui/app.go:3332.55,3334.44 1 0
github.com/agreen757/tm-tui/internal/ui/app.go:3334.44,3336.6 1 0
github.com/agreen757/tm-tui/internal/ui/app.go:3336.11,3338.6 1 0
github.com/agreen757/tm-tui/internal/ui/app.go:3339.10,3341.5 1 0
github.com/agreen757/tm-tui/internal/ui/app.go:3342.4,3342.17 1 0
github.com/agreen757/tm-tui/internal/ui/app.go:3346.3,3346.20 1 0
github.com/agreen757/tm-tui/internal/ui/app.go:3346.20,3347.24 1 0
github.com/agreen757/tm-tui/internal/ui/app.go:3348.15,3350.24 2 0
github.com/agreen757/tm-tui/internal/ui/app.go:3351.17,3353.29 1 0
github.com/agreen757/tm-tui/internal/ui/app.go:3353.29,3354.42 1 0
github.com/agreen757/tm-tui/internal/ui/app.go:3354.42,3358.7 3 0
github.com/agreen757/tm-tui/internal/ui/app.go:3358.12,3360.7 1 0
github.com/agreen757/tm-tui/internal/ui/app.go:3362.5,3363.24 2 0
github.com/agreen757/tm-tui/internal/ui/app.go:3364.21,3365.32 1 0
github.com/agreen757/tm-tui/internal/ui/app.go:3365.32,3367.6 1 0
github.com/agreen757/tm-tui/internal/ui/app.go:3368.12,3370.35 1 0
github.com/agreen757/tm-tui/internal/ui/app.go:3372.4,3372.17 1 0
github.com/agreen757/tm-tui/internal/ui/app.go:3376.3,3376.49 1 0
github.com/agreen757/tm-tui/internal/ui/app.go:3376.49,3378.28 2 0
github.com/agreen757/tm-tui/internal/ui/app.go:3378.28,3380.5 1 0
github.com/agreen757/tm-tui/internal/ui/app.go:3382.4,3382.28 1 0
github.com/agreen757/tm-tui/internal/ui/app.go:3382.28,3386.5 2 0
github.com/agreen757/tm-tui/internal/ui/app.go:3387.4,3387.18 1 0
github.com/agreen757/tm-tui/internal/ui/app.go:3387.18,3389.5 1 0
github.com/agreen757/tm-tui/internal/ui/app.go:3392.4,3392.36 1 0
github.com/agreen757/tm-tui/internal/ui/app.go:3392.36,3394.5 1 0
github.com/agreen757/tm-tui/internal/ui/app.go:3399.3,3399.19 1 0
github.com/agreen757/tm-tui/internal/ui/app.go:3399.19,3403.24 3 0
github.com/agreen757/tm-tui/internal/ui/app.go:3404.15,3412.37 7 0
github.com/agreen757/tm-tui/internal/ui/app.go:3413.17,3418.28 2 0
github.com/agreen757/tm-tui/internal/ui/app.go:3418.28,3421.35 3 0
github.com/agreen757/tm-tui/internal/ui/app.go:3421.35,3423.7 1 0
github.com/agreen757/tm-tui/internal/ui/app.go:3423.12,3425.7 1 0
github.com/agreen757/tm-tui/internal/ui/app.go:3427.12,3430.28 2 0
github.com/agreen757/tm-tui/internal/ui/app.go:3432.4,3432.17 1 0
github.com/agreen757/tm-tui/internal/ui/app.go:3436.3,3437.22 2 0
github.com/agreen757/tm-tui/internal/ui/app.go:3437.22,3440.18 2 0
github.com/agreen757/tm-tui/internal/ui/app.go:3440.18,3442.5 1 0
github.com/agreen757/tm-tui/internal/ui/app.go:3445.4,3445.42 1 0
github.com/agreen757/tm-tui/internal/ui/app.go:3446.33,3447.59 1 0
github.com/agreen757/tm-tui/internal/ui/app.go:3447.59,3449.6 1 0
github.com/agreen757/tm-tui/internal/ui/app.go:3450.32,3455.61 2 0
github.com/agreen757/tm-tui/internal/ui/app.go:3455.61,3457.6 1 0
github.com/agreen757/tm-tui/internal/ui/app.go:3459.5,3459.33 1 0
github.com/agreen757/tm-tui/internal/ui/app.go:3460.32,3462.56 1 0
github.com/agreen757/tm-tui/internal/ui/app.go:3462.56,3464.6 1 0
github.com/agreen757/tm-tui/internal/ui/app.go:3464.11,3466.6 1 0
github.com/agreen757/tm-tui/internal/ui/app.go:3467.34,3470.30 2 0
github.com/agreen757/tm-tui/internal/ui/app.go:3470.30,3471.58 1 0
github.com/agreen757/tm-tui/internal/ui/app.go:3471.58,3473.7 1 0
github.com/agreen757/tm-tui/internal/ui/app.go:3478.4,3478.67 1 0
github.com/agreen757/tm-tui/internal/ui/app.go:3478.67,3480.5 1 0
github.com/agreen757/tm-tui/internal/ui/app.go:3484.4,3484.42 1 0
github.com/agreen757/tm-tui/internal/ui/app.go:3485.20,3487.33 2 0
github.com/agreen757/tm-tui/internal/ui/app.go:3491.3,3491.63 1 0
github.com/agreen757/tm-tui/internal/ui/app.go:3491.63,3492.18 1 0
github.com/agreen757/tm-tui/internal/ui/app.go:3492.18,3494.5 1 0
github.com/agreen757/tm-tui/internal/ui/app.go:3495.4,3495.17 1 0
github.com/agreen757/tm-tui/internal/ui/app.go:3499.3,3499.49 1 0
github.com/agreen757/tm-tui/internal/ui/app.go:3499.49,3500.11 1 0
github.com/agreen757/tm-tui/internal/ui/app.go:3501.44,3503.43 1 0
github.com/agreen757/tm-tui/internal/ui/app.go:3503.43,3505.6 1 0
github.com/agreen757/tm-tui/internal/ui/app.go:3506.5,3506.23 1 0
github.com/agreen757/tm-tui/internal/ui/app.go:3508.43,3510.34 1 0
github.com/agreen757/tm-tui/internal/ui/app.go:3510.34,3511.51 1 0
github.com/agreen757/tm-tui/internal/ui/app.go:3511.51,3513.7 1 0
github.com/agreen757/tm-tui/internal/ui/app.go:3514.11,3516.44 1 0
github.com/agreen757/tm-tui/internal/ui/app.go:3516.44,3518.7 1 0
github.com/agreen757/tm-tui/internal/ui/app.go:3519.6,3519.24 1 0
github.com/agreen757/tm-tui/internal/ui/app.go:3522.39,3525.30 3 0
github.com/agreen757/tm-tui/internal/ui/app.go:3527.41,3530.30 3 0
github.com/agreen757/tm-tui/internal/ui/app.go:3532.41,3534.31 2 0
github.com/agreen757/tm-tui/internal/ui/app.go:3536.42,3538.31 2 0
github.com/agreen757/tm-tui/internal/ui/app.go:3540.49,3542.31 2 0
github.com/agreen757/tm-tui/internal/ui/app.go:3544.43,3546.31 2 0
github.com/agreen757/tm-tui/internal/ui/app.go:3548.44,3551.53 2 0
github.com/agreen757/tm-tui/internal/ui/app.go:3553.45,3555.34 1 0
github.com/agreen757/tm-tui/internal/ui/app.go:3555.34,3558.6 2 0
github.com/agreen757/tm-tui/internal/ui/app.go:3561.5,3569.68 5 0
github.com/agreen757/tm-tui/internal/ui/app.go:3569.68,3573.6 2 0
github.com/agreen757/tm-tui/internal/ui/app.go:3573.11,3576.6 1 0
github.com/agreen757/tm-tui/internal/ui/app.go:3578.5,3578.33 1 0
github.com/agreen757/tm-tui/internal/ui/app.go:3580.45,3584.63 3 0
github.com/agreen757/tm-tui/internal/ui/app.go:3586.43,3592.28 3 0
github.com/agreen757/tm-tui/internal/ui/app.go:3592.28,3598.6 2 0
github.com/agreen757/tm-tui/internal/ui/app.go:3598.11,3600.6 1 0
github.com/agreen757/tm-tui/internal/ui/app.go:3602.5,3603.30 2 0
github.com/agreen757/tm-tui/internal/ui/app.go:3605.43,3607.26 1 0
github.com/agreen757/tm-tui/internal/ui/app.go:3609.50,3611.35 1 0
github.com/agreen757/tm-tui/internal/ui/app.go:3613.44,3615.28 1 0
github.com/agreen757/tm-tui/internal/ui/app.go:3617.47,3619.31 1 0
github.com/agreen757/tm-tui/internal/ui/app.go:3621.49,3623.33 1 0
github.com/agreen757/tm-tui/internal/ui/app.go:3625.48,3627.32 1 0
github.com/agreen757/tm-tui/internal/ui/app.go:3629.47,3631.31 1 0
github.com/agreen757/tm-tui/internal/ui/app.go:3633.47,3635.27 1 0
github.com/agreen757/tm-tui/internal/ui/app.go:3636.24,3637.28 1 0
github.com/agreen757/tm-tui/internal/ui/app.go:3637.28,3639.7 1 0
github.com/agreen757/tm-tui/internal/ui/app.go:3639.12,3639.31 1 0
github.com/agreen757/tm-tui/internal/ui/app.go:3639.31,3641.7 1 0
github.com/agreen757/tm-tui/internal/ui/app.go:3642.23,3643.24 1 0
github.com/agreen757/tm-tui/internal/ui/app.go:3643.24,3645.7 1 0
github.com/agreen757/tm-tui/internal/ui/app.go:3645.12,3647.7 1 0
github.com/agreen757/tm-tui/internal/ui/app.go:3648.19,3649.36 1 0
github.com/agreen757/tm-tui/internal/ui/app.go:3652.54,3655.34 2 0
github.com/agreen757/tm-tui/internal/ui/app.go:3657.50,3660.28 2 0
github.com/agreen757/tm-tui/internal/ui/app.go:3662.46,3667.23 3 0
github.com/agreen757/tm-tui/internal/ui/app.go:3667.23,3669.6 1 0
github.com/agreen757/tm-tui/internal/ui/app.go:3671.47,3673.39 1 0
github.com/agreen757/tm-tui/internal/ui/app.go:3675.51,3677.18 2 0
github.com/agreen757/tm-tui/internal/ui/app.go:3679.44,3681.18 2 0
github.com/agreen757/tm-tui/internal/ui/app.go:3683.45,3685.35 1 0
github.com/agreen757/tm-tui/internal/ui/app.go:3685.35,3687.31 2 0
github.com/agreen757/tm-tui/internal/ui/app.go:3687.31,3689.7 1 0
github.com/agreen757/tm-tui/internal/ui/app.go:3690.6,3692.26 3 0
github.com/agreen757/tm-tui/internal/ui/app.go:3692.26,3694.7 1 0
github.com/agreen757/tm-tui/internal/ui/app.go:3695.6,3696.43 2 0
github.com/agreen757/tm-tui/internal/ui/app.go:3699.45,3701.35 1 0
github.com/agreen757/tm-tui/internal/ui/app.go:3701.35,3703.31 2 0
github.com/agreen757/tm-tui/internal/ui/app.go:3703.31,3705.7 1 0
github.com/agreen757/tm-tui/internal/ui/app.go:3706.6,3708.26 3 0
github.com/agreen757/tm-tui/internal/ui/app.go:3708.26,3710.7 1 0
github.com/agreen757/tm-tui/internal/ui/app.go:3711.6,3712.43 2 0
github.com/agreen757/tm-tui/internal/ui/app.go:3715.46,3718.30 2 0
github.com/agreen757/tm-tui/internal/ui/app.go:3718.30,3720.6 1 0
github.com/agreen757/tm-tui/internal/ui/app.go:3722.5,3722.23 1 0
github.com/agreen757/tm-tui/internal/ui/app.go:3723.23,3725.43 2 0
github.com/agreen757/tm-tui/internal/ui/app.go:3726.23,3729.43 2 0
github.com/agreen757/tm-tui/internal/ui/app.go:3730.25,3732.43 2 0
github.com/agreen757/tm-tui/internal/ui/app.go:3735.5,3736.25 2 0
github.com/agreen757/tm-tui/internal/ui/app.go:3736.25,3738.6 1 0
github.com/agreen757/tm-tui/internal/ui/app.go:3739.5,3739.31 1 0
github.com/agreen757/tm-tui/internal/ui/app.go:3741.41,3743.29 1 0
github.com/agreen757/tm-tui/internal/ui/app.go:3745.41,3748.28 2 0
github.com/agreen757/tm-tui/internal/ui/app.go:3748.28,3753.6 4 0
github.com/agreen757/tm-tui/internal/ui/app.go:3754.5,3754.29 1 0
github.com/agreen757/tm-tui/internal/ui/app.go:3754.29,3757.6 2 0
github.com/agreen757/tm-tui/internal/ui/app.go:3758.5,3758.16 1 0
github.com/agreen757/tm-tui/internal/ui/app.go:3758.16,3762.6 3 0
github.com/agreen757/tm-tui/internal/ui/app.go:3764.50,3766.113 1 0
github.com/agreen757/tm-tui/internal/ui/app.go:3772.2,3772.37 1 0
github.com/agreen757/tm-tui/internal/ui/app.go:3772.37,3776.3 3 0
github.com/agreen757/tm-tui/internal/ui/app.go:3776.8,3776.43 1 0
github.com/agreen757/tm-tui/internal/ui/app.go:3776.43,3780.3 3 0
github.com/agreen757/tm-tui/internal/ui/app.go:3780.8,3780.39 1 0
github.com/agreen757/tm-tui/internal/ui/app.go:3780.39,3784.3 3 0
github.com/agreen757/tm-tui/internal/ui/app.go:3786.2,3786.30 1 0
github.com/agreen757/tm-tui/internal/ui/app.go:3790.31,3791.14 1 0
github.com/agreen757/tm-tui/internal/ui/app.go:3791.14,3793.3 1 0
github.com/agreen757/tm-tui/internal/ui/app.go:3796.2,3799.55 2 0
github.com/agreen757/tm-tui/internal/ui/app.go:3799.55,3801.3 1 0
github.com/agreen757/tm-tui/internal/ui/app.go:3801.8,3801.25 1 0
github.com/agreen757/tm-tui/internal/ui/app.go:3801.25,3803.3 1 0
github.com/agreen757/tm-tui/internal/ui/app.go:3803.8,3817.21 6 0
github.com/agreen757/tm-tui/internal/ui/app.go:3817.21,3819.4 1 0
github.com/agreen757/tm-tui/internal/ui/app.go:3822.3,3825.66 2 0
github.com/agreen757/tm-tui/internal/ui/app.go:3828.2,3828.35 1 0
github.com/agreen757/tm-tui/internal/ui/app.go:3828.35,3830.3 1 0
github.com/agreen757/tm-tui/internal/ui/app.go:3832.2,3834.48 2 0
github.com/agreen757/tm-tui/internal/ui/app.go:3834.48,3842.34 6 0
github.com/agreen757/tm-tui/internal/ui/app.go:3842.34,3844.46 1 0
github.com/agreen757/tm-tui/internal/ui/app.go:3844.46,3846.5 1 0
github.com/agreen757/tm-tui/internal/ui/app.go:3847.4,3847.39 1 0
github.com/agreen757/tm-tui/internal/ui/app.go:3848.9,3850.46 1 0
github.com/agreen757/tm-tui/internal/ui/app.go:3850.46,3852.5 1 0
github.com/agreen757/tm-tui/internal/ui/app.go:3853.4,3853.49 1 0
github.com/agreen757/tm-tui/internal/ui/app.go:3853.49,3855.5 1 0
github.com/agreen757/tm-tui/internal/ui/app.go:3857.3,3857.80 1 0
github.com/agreen757/tm-tui/internal/ui/app.go:3860.2,3860.59 1 0
github.com/agreen757/tm-tui/internal/ui/app.go:3860.59,3861.64 1 0
github.com/agreen757/tm-tui/internal/ui/app.go:3861.64,3864.4 2 0
github.com/agreen757/tm-tui/internal/ui/app.go:3867.2,3867.16 1 0
github.com/agreen757/tm-tui/internal/ui/app.go:3867.16,3873.43 6 0
github.com/agreen757/tm-tui/internal/ui/app.go:3873.43,3875.4 1 0
github.com/agreen757/tm-tui/internal/ui/app.go:3876.3,3876.46 1 0
github.com/agreen757/tm-tui/internal/ui/app.go:3876.46,3878.4 1 0
github.com/agreen757/tm-tui/internal/ui/app.go:3879.3,3879.77 1 0
github.com/agreen757/tm-tui/internal/ui/app.go:3882.2,3882.49 1 0
github.com/agreen757/tm-tui/internal/ui/app.go:3886.44,3903.2 14 0
github.com/agreen757/tm-tui/internal/ui/app.go:3906.66,3914.37 3 0
github.com/agreen757/tm-tui/internal/ui/app.go:3914.37,3918.3 1 0
github.com/agreen757/tm-tui/internal/ui/app.go:3921.2,3921.25 1 0
github.com/agreen757/tm-tui/internal/ui/app.go:3921.25,3923.3 1 0
github.com/agreen757/tm-tui/internal/ui/app.go:3926.2,3930.36 3 0
github.com/agreen757/tm-tui/internal/ui/app.go:3930.36,3934.3 1 0
github.com/agreen757/tm-tui/internal/ui/app.go:3937.2,3937.75 1 0
github.com/agreen757/tm-tui/internal/ui/app.go:3942.63,3948.32 4 0
github.com/agreen757/tm-tui/internal/ui/app.go:3948.32,3950.3 1 0
github.com/agreen757/tm-tui/internal/ui/app.go:3953.2,3962.22 4 0
github.com/agreen757/tm-tui/internal/ui/app.go:3962.22,3964.3 1 0
github.com/agreen757/tm-tui/internal/ui/app.go:3967.2,3968.36 2 0
github.com/agreen757/tm-tui/internal/ui/app.go:3968.36,3970.3 1 0
github.com/agreen757/tm-tui/internal/ui/app.go:3973.2,3981.17 3 0
github.com/agreen757/tm-tui/internal/ui/app.go:3986.44,4001.2 5 0
github.com/agreen757/tm-tui/internal/ui/app.go:4004.42,4027.66 6 0
github.com/agreen757/tm-tui/internal/ui/app.go:4027.66,4029.22 2 0
github.com/agreen757/tm-tui/internal/ui/app.go:4029.22,4031.4 1 0
github.com/agreen757/tm-tui/internal/ui/app.go:4032.3,4032.22 1 0
github.com/agreen757/tm-tui/internal/ui/app.go:4032.22,4034.4 1 0
github.com/agreen757/tm-tui/internal/ui/app.go:4035.3,4040.48 1 0
github.com/agreen757/tm-tui/internal/ui/app.go:4040.48,4041.31 1 0
github.com/agreen757/tm-tui/internal/ui/app.go:4041.31,4043.6 1 0
github.com/agreen757/tm-tui/internal/ui/app.go:4044.5,4044.24 1 0
github.com/agreen757/tm-tui/internal/ui/app.go:4049.3,4057.4 4 0
github.com/agreen757/tm-tui/internal/ui/app.go:4061.2,4158.19 17 0
github.com/agreen757/tm-tui/internal/ui/app.go:4161.80,4163.42 2 0
github.com/agreen757/tm-tui/internal/ui/app.go:4163.42,4165.21 2 0
github.com/agreen757/tm-tui/internal/ui/app.go:4165.21,4167.4 1 0
github.com/agreen757/tm-tui/internal/ui/app.go:4169.2,4170.23 2 0
github.com/agreen757/tm-tui/internal/ui/app.go:4170.23,4172.3 1 0
github.com/agreen757/tm-tui/internal/ui/app.go:4174.2,4175.43 2 0
github.com/agreen757/tm-tui/internal/ui/app.go:4175.43,4177.3 1 0
github.com/agreen757/tm-tui/internal/ui/app.go:4178.2,4178.46 1 0
github.com/agreen757/tm-tui/internal/ui/app.go:4182.58,4183.29 1 0
github.com/agreen757/tm-tui/internal/ui/app.go:4183.29,4186.26 3 0
github.com/agreen757/tm-tui/internal/ui/app.go:4186.26,4188.16 1 0
github.com/agreen757/tm-tui/internal/ui/app.go:4188.16,4190.5 1 0
github.com/agreen757/tm-tui/internal/ui/app.go:4190.10,4192.5 1 0
github.com/agreen757/tm-tui/internal/ui/app.go:4194.3,4194.26 1 0
github.com/agreen757/tm-tui/internal/ui/app.go:4194.26,4196.4 1 0
github.com/agreen757/tm-tui/internal/ui/app.go:4198.3,4198.38 1 0
github.com/agreen757/tm-tui/internal/ui/app.go:4200.2,4200.11 1 0
github.com/agreen757/tm-tui/internal/ui/app.go:4203.93,4204.52 1 0
github.com/agreen757/tm-tui/internal/ui/app.go:4204.52,4206.3 1 0
github.com/agreen757/tm-tui/internal/ui/app.go:4207.2,4208.37 2 0
github.com/agreen757/tm-tui/internal/ui/app.go:4208.37,4210.45 2 0
github.com/agreen757/tm-tui/internal/ui/app.go:4210.45,4212.4 1 0
github.com/agreen757/tm-tui/internal/ui/app.go:4214.2,4214.15 1 0
github.com/agreen757/tm-tui/internal/ui/app.go:4214.15,4216.3 1 0
github.com/agreen757/tm-tui/internal/ui/app.go:4217.2,4217.14 1 0
github.com/agreen757/tm-tui/internal/ui/app.go:4220.85,4222.15 2 0
github.com/agreen757/tm-tui/internal/ui/app.go:4222.15,4224.3 1 0
github.com/agreen757/tm-tui/internal/ui/app.go:4225.2,4226.9 2 0
github.com/agreen757/tm-tui/internal/ui/app.go:4226.9,4228.3 1 0
github.com/agreen757/tm-tui/internal/ui/app.go:4229.2,4230.9 2 0
github.com/agreen757/tm-tui/internal/ui/app.go:4230.9,4232.3 1 0
github.com/agreen757/tm-tui/internal/ui/app.go:4233.2,4234.22 2 0
github.com/agreen757/tm-tui/internal/ui/app.go:4234.22,4236.3 1 0
github.com/agreen757/tm-tui/internal/ui/app.go:4236.8,4236.30 1 0
github.com/agreen757/tm-tui/internal/ui/app.go:4236.30,4239.3 2 0
github.com/agreen757/tm-tui/internal/ui/app.go:4240.2,4241.20 2 0
github.com/agreen757/tm-tui/internal/ui/app.go:4245.79,4250.45 4 0
github.com/agreen757/tm-tui/internal/ui/app.go:4250.45,4251.30 1 0
github.com/agreen757/tm-tui/internal/ui/app.go:4251.30,4253.44 2 0
github.com/agreen757/tm-tui/internal/ui/app.go:4253.44,4255.5 1 0
github.com/agreen757/tm-tui/internal/ui/app.go:4256.4,4256.30 1 0
github.com/agreen757/tm-tui/internal/ui/app.go:4256.30,4258.5 1 0
github.com/agreen757/tm-tui/internal/ui/app.go:4262.2,4264.16 2 0
github.com/agreen757/tm-tui/internal/ui/app.go:4264.16,4266.3 1 0
github.com/agreen757/tm-tui/internal/ui/app.go:4268.2,4269.32 2 0
github.com/agreen757/tm-tui/internal/ui/app.go:4273.50,4274.22 1 0
github.com/agreen757/tm-tui/internal/ui/app.go:4274.22,4276.3 1 0
github.com/agreen757/tm-tui/internal/ui/app.go:4277.2,4277.19 1 0
github.com/agreen757/tm-tui/internal/ui/app_state.go:30.75,35.2 1 1
github.com/agreen757/tm-tui/internal/ui/app_state.go:38.58,40.2 1 0
github.com/agreen757/tm-tui/internal/ui/app_state.go:43.37,45.2 1 0
github.com/agreen757/tm-tui/internal/ui/app_state.go:48.54,49.28 1 0
github.com/agreen757/tm-tui/internal/ui/app_state.go:49.28,51.3 1 0
github.com/agreen757/tm-tui/internal/ui/app_state.go:52.2,52.30 1 0
github.com/agreen757/tm-tui/internal/ui/app_state.go:56.57,57.28 1 0
github.com/agreen757/tm-tui/internal/ui/app_state.go:57.28,59.3 1 0
github.com/agreen757/tm-tui/internal/ui/app_state.go:60.2,60.39 1 0
github.com/agreen757/tm-tui/internal/ui/app_state.go:64.43,66.2 1 0
github.com/agreen757/tm-tui/internal/ui/app_state.go:69.49,70.28 1 0
github.com/agreen757/tm-tui/internal/ui/app_state.go:70.28,72.3 1 0
github.com/agreen757/tm-tui/internal/ui/app_state.go:73.2,73.42 1 0
github.com/agreen757/tm-tui/internal/ui/app_state.go:77.48,78.40 1 0
github.com/agreen757/tm-tui/internal/ui/app_state.go:78.40,80.3 1 0
github.com/agreen757/tm-tui/internal/ui/app_state.go:81.2,81.31 1 0
github.com/agreen757/tm-tui/internal/ui/app_state.go:85.73,86.40 1 0
github.com/agreen757/tm-tui/internal/ui/app_state.go:86.40,88.3 1 0
github.com/agreen757/tm-tui/internal/ui/app_state.go:89.2,89.34 1 0
github.com/agreen757/tm-tui/internal/ui/app_state.go:93.77,94.40 1 0
github.com/agreen757/tm-tui/internal/ui/app_state.go:94.40,96.3 1 0
github.com/agreen757/tm-tui/internal/ui/app_state.go:97.2,97.34 1 0
github.com/agreen757/tm-tui/internal/ui/app_state.go:97.34,99.3 1 0
github.com/agreen757/tm-tui/internal/ui/app_state.go:100.2,100.34 1 0
github.com/agreen757/tm-tui/internal/ui/app_state.go:104.46,105.28 1 0
github.com/agreen757/tm-tui/internal/ui/app_state.go:105.28,107.3 1 0
github.com/agreen757/tm-tui/internal/ui/app_state.go:108.2,108.36 1 0
github.com/agreen757/tm-tui/internal/ui/app_state.go:112.35,113.28 1 0
github.com/agreen757/tm-tui/internal/ui/app_state.go:113.28,115.3 1 0
github.com/agreen757/tm-tui/internal/ui/app_state.go:116.2,116.35 1 0
github.com/agreen757/tm-tui/internal/ui/app_state.go:116.35,118.3 1 0
github.com/agreen757/tm-tui/internal/ui/app_state.go:122.41,125.2 2 0
github.com/agreen757/tm-tui/internal/ui/app_state.go:128.54,129.27 1 0
github.com/agreen757/tm-tui/internal/ui/app_state.go:129.27,131.3 1 0
github.com/agreen757/tm-tui/internal/ui/app_state.go:135.41,138.2 2 0
github.com/agreen757/tm-tui/internal/ui/app_state.go:141.46,143.2 1 0
github.com/agreen757/tm-tui/internal/ui/app_state.go:146.49,148.2 1 0
github.com/agreen757/tm-tui/internal/ui/app_state.go:151.43,152.31 1 0
github.com/agreen757/tm-tui/internal/ui/app_state.go:152.31,154.3 1 0
github.com/agreen757/tm-tui/internal/ui/app_state.go:158.84,164.2 5 0
github.com/agreen757/tm-tui/internal/ui/app_state.go:167.60,170.2 2 0
github.com/agreen757/tm-tui/internal/ui/app_state.go:173.44,175.2 1 0
github.com/agreen757/tm-tui/internal/ui/app_state.go:178.60,180.2 1 0
github.com/agreen757/tm-tui/internal/ui/app_state.go:183.59,184.35 1 0
github.com/agreen757/tm-tui/internal/ui/app_state.go:184.35,186.3 1 0
github.com/agreen757/tm-tui/internal/ui/app_state.go:188.2,190.15 3 0
github.com/agreen757/tm-tui/internal/ui/app_state.go:194.41,196.2 1 0
github.com/agreen757/tm-tui/internal/ui/command_handlers.go:39.55,40.12 1 0
github.com/agreen757/tm-tui/internal/ui/command_handlers.go:41.23,42.34 1 0
github.com/agreen757/tm-tui/internal/ui/command_handlers.go:43.24,44.35 1 0
github.com/agreen757/tm-tui/internal/ui/command_handlers.go:45.32,46.32 1 0
github.com/agreen757/tm-tui/internal/ui/command_handlers.go:47.25,48.37 1 0
github.com/agreen757/tm-tui/internal/ui/command_handlers.go:49.25,50.30 1 0
github.com/agreen757/tm-tui/internal/ui/command_handlers.go:51.22,52.34 1 0
github.com/agreen757/tm-tui/internal/ui/command_handlers.go:53.25,54.31 1 0
github.com/agreen757/tm-tui/internal/ui/command_handlers.go:55.25,56.33 1 0
github.com/agreen757/tm-tui/internal/ui/command_handlers.go:57.28,58.33 1 0
github.com/agreen757/tm-tui/internal/ui/command_handlers.go:59.21,60.30 1 0
github.com/agreen757/tm-tui/internal/ui/command_handlers.go:61.26,62.35 1 0
github.com/agreen757/tm-tui/internal/ui/command_handlers.go:63.33,64.42 1 0
github.com/agreen757/tm-tui/internal/ui/command_handlers.go:65.28,66.37 1 0
github.com/agreen757/tm-tui/internal/ui/command_handlers.go:67.22,68.18 1 0
github.com/agreen757/tm-tui/internal/ui/command_handlers.go:69.30,70.29 1 0
github.com/agreen757/tm-tui/internal/ui/command_handlers.go:71.30,72.29 1 0
github.com/agreen757/tm-tui/internal/ui/command_handlers.go:73.31,74.24 1 0
github.com/agreen757/tm-tui/internal/ui/command_handlers.go:75.25,76.34 1 0
github.com/agreen757/tm-tui/internal/ui/command_handlers.go:77.10,78.62 1 0
github.com/agreen757/tm-tui/internal/ui/command_handlers.go:80.2,80.12 1 0
github.com/agreen757/tm-tui/internal/ui/command_handlers.go:83.51,84.58 1 0
github.com/agreen757/tm-tui/internal/ui/command_handlers.go:84.58,92.3 3 0
github.com/agreen757/tm-tui/internal/ui/command_handlers.go:95.2,96.12 2 0
github.com/agreen757/tm-tui/internal/ui/command_handlers.go:99.48,106.36 4 0
github.com/agreen757/tm-tui/internal/ui/command_handlers.go:106.36,107.28 1 0
github.com/agreen757/tm-tui/internal/ui/command_handlers.go:107.28,110.4 2 0
github.com/agreen757/tm-tui/internal/ui/command_handlers.go:114.2,114.21 1 0
github.com/agreen757/tm-tui/internal/ui/command_handlers.go:114.21,117.3 2 0
github.com/agreen757/tm-tui/internal/ui/command_handlers.go:121.2,121.27 1 0
github.com/agreen757/tm-tui/internal/ui/command_handlers.go:121.27,130.3 4 0
github.com/agreen757/tm-tui/internal/ui/command_handlers.go:133.2,134.16 2 0
github.com/agreen757/tm-tui/internal/ui/command_handlers.go:134.16,137.3 2 0
github.com/agreen757/tm-tui/internal/ui/command_handlers.go:140.2,157.12 10 0
github.com/agreen757/tm-tui/internal/ui/command_handlers.go:161.73,163.31 1 0
github.com/agreen757/tm-tui/internal/ui/command_handlers.go:163.31,172.3 4 0
github.com/agreen757/tm-tui/internal/ui/command_handlers.go:175.2,183.37 2 0
github.com/agreen757/tm-tui/internal/ui/command_handlers.go:183.37,185.3 1 0
github.com/agreen757/tm-tui/internal/ui/command_handlers.go:188.2,193.35 3 0
github.com/agreen757/tm-tui/internal/ui/command_handlers.go:198.51,201.15 2 0
github.com/agreen757/tm-tui/internal/ui/command_handlers.go:201.15,203.3 1 0
github.com/agreen757/tm-tui/internal/ui/command_handlers.go:205.2,206.51 2 0
github.com/agreen757/tm-tui/internal/ui/command_handlers.go:206.51,208.3 1 0
github.com/agreen757/tm-tui/internal/ui/command_handlers.go:209.2,209.21 1 0
github.com/agreen757/tm-tui/internal/ui/command_handlers.go:209.21,217.3 3 0
github.com/agreen757/tm-tui/internal/ui/command_handlers.go:219.2,227.21 5 0
github.com/agreen757/tm-tui/internal/ui/command_handlers.go:227.21,229.3 1 0
github.com/agreen757/tm-tui/internal/ui/command_handlers.go:231.2,231.72 1 0
github.com/agreen757/tm-tui/internal/ui/command_handlers.go:231.72,232.17 1 0
github.com/agreen757/tm-tui/internal/ui/command_handlers.go:232.17,235.4 2 0
github.com/agreen757/tm-tui/internal/ui/command_handlers.go:236.3,237.37 2 0
github.com/agreen757/tm-tui/internal/ui/command_handlers.go:237.37,239.4 1 0
github.com/agreen757/tm-tui/internal/ui/command_handlers.go:240.3,240.59 1 0
github.com/agreen757/tm-tui/internal/ui/command_handlers.go:240.59,242.4 1 0
github.com/agreen757/tm-tui/internal/ui/command_handlers.go:243.3,243.13 1 0
github.com/agreen757/tm-tui/internal/ui/command_handlers.go:246.2,246.20 1 0
github.com/agreen757/tm-tui/internal/ui/command_handlers.go:256.62,257.27 1 0
github.com/agreen757/tm-tui/internal/ui/command_handlers.go:257.27,259.3 1 0
github.com/agreen757/tm-tui/internal/ui/command_handlers.go:260.2,261.30 2 0
github.com/agreen757/tm-tui/internal/ui/command_handlers.go:261.30,263.3 1 0
github.com/agreen757/tm-tui/internal/ui/command_handlers.go:264.2,266.25 3 0
github.com/agreen757/tm-tui/internal/ui/command_handlers.go:266.25,267.38 1 0
github.com/agreen757/tm-tui/internal/ui/command_handlers.go:267.38,269.4 1 0
github.com/agreen757/tm-tui/internal/ui/command_handlers.go:271.2,271.14 1 0
github.com/agreen757/tm-tui/internal/ui/command_handlers.go:280.59,281.17 1 0
github.com/agreen757/tm-tui/internal/ui/command_handlers.go:281.17,283.3 1 0
github.com/agreen757/tm-tui/internal/ui/command_handlers.go:284.2,285.73 2 0
github.com/agreen757/tm-tui/internal/ui/command_handlers.go:288.45,288.63 1 0
github.com/agreen757/tm-tui/internal/ui/command_handlers.go:289.45,289.69 1 0
github.com/agreen757/tm-tui/internal/ui/command_handlers.go:290.45,290.63 1 0
github.com/agreen757/tm-tui/internal/ui/command_handlers.go:294.60,296.15 2 0
github.com/agreen757/tm-tui/internal/ui/command_handlers.go:296.15,298.3 1 0
github.com/agreen757/tm-tui/internal/ui/command_handlers.go:300.2,332.100 2 0
github.com/agreen757/tm-tui/internal/ui/command_handlers.go:332.100,333.26 1 0
github.com/agreen757/tm-tui/internal/ui/command_handlers.go:333.26,335.5 1 0
github.com/agreen757/tm-tui/internal/ui/command_handlers.go:336.4,337.17 2 0
github.com/agreen757/tm-tui/internal/ui/command_handlers.go:337.17,339.5 1 0
github.com/agreen757/tm-tui/internal/ui/command_handlers.go:339.10,339.24 1 0
github.com/agreen757/tm-tui/internal/ui/command_handlers.go:339.24,341.5 1 0
github.com/agreen757/tm-tui/internal/ui/command_handlers.go:342.4,343.15 2 0
github.com/agreen757/tm-tui/internal/ui/command_handlers.go:343.15,345.5 1 0
github.com/agreen757/tm-tui/internal/ui/command_handlers.go:346.4,351.10 1 0
github.com/agreen757/tm-tui/internal/ui/command_handlers.go:355.2,355.72 1 0
github.com/agreen757/tm-tui/internal/ui/command_handlers.go:355.72,356.17 1 0
github.com/agreen757/tm-tui/internal/ui/command_handlers.go:356.17,359.4 2 0
github.com/agreen757/tm-tui/internal/ui/command_handlers.go:360.3,361.31 2 0
github.com/agreen757/tm-tui/internal/ui/command_handlers.go:361.31,363.4 1 0
github.com/agreen757/tm-tui/internal/ui/command_handlers.go:364.3,364.31 1 0
github.com/agreen757/tm-tui/internal/ui/command_handlers.go:367.2,367.20 1 0
github.com/agreen757/tm-tui/internal/ui/command_handlers.go:370.54,371.17 1 0
github.com/agreen757/tm-tui/internal/ui/command_handlers.go:371.17,373.3 1 0
github.com/agreen757/tm-tui/internal/ui/command_handlers.go:374.2,374.66 1 0
github.com/agreen757/tm-tui/internal/ui/command_handlers.go:374.66,376.3 1 0
github.com/agreen757/tm-tui/internal/ui/command_handlers.go:377.2,377.17 1 0
github.com/agreen757/tm-tui/internal/ui/command_handlers.go:380.41,382.17 2 0
github.com/agreen757/tm-tui/internal/ui/command_handlers.go:382.17,384.3 1 0
github.com/agreen757/tm-tui/internal/ui/command_handlers.go:385.2,385.47 1 0
github.com/agreen757/tm-tui/internal/ui/command_handlers.go:385.47,387.3 1 0
github.com/agreen757/tm-tui/internal/ui/command_handlers.go:388.2,388.10 1 0
github.com/agreen757/tm-tui/internal/ui/command_handlers.go:391.43,393.19 2 0
github.com/agreen757/tm-tui/internal/ui/command_handlers.go:393.19,401.3 3 0
github.com/agreen757/tm-tui/internal/ui/command_handlers.go:402.2,402.28 1 0
github.com/agreen757/tm-tui/internal/ui/command_handlers.go:405.36,407.15 2 0
github.com/agreen757/tm-tui/internal/ui/command_handlers.go:407.15,409.3 1 0
github.com/agreen757/tm-tui/internal/ui/command_handlers.go:410.2,440.100 2 0
github.com/agreen757/tm-tui/internal/ui/command_handlers.go:440.100,441.23 1 0
github.com/agreen757/tm-tui/internal/ui/command_handlers.go:441.23,443.5 1 0
github.com/agreen757/tm-tui/internal/ui/command_handlers.go:444.4,445.18 2 0
github.com/agreen757/tm-tui/internal/ui/command_handlers.go:445.18,447.5 1 0
github.com/agreen757/tm-tui/internal/ui/command_handlers.go:448.4,453.10 1 0
github.com/agreen757/tm-tui/internal/ui/command_handlers.go:456.2,456.72 1 0
github.com/agreen757/tm-tui/internal/ui/command_handlers.go:456.72,457.17 1 0
github.com/agreen757/tm-tui/internal/ui/command_handlers.go:457.17,466.4 3 0
github.com/agreen757/tm-tui/internal/ui/command_handlers.go:467.3,467.19 1 0
github.com/agreen757/tm-tui/internal/ui/command_handlers.go:467.19,469.4 1 0
github.com/agreen757/tm-tui/internal/ui/command_handlers.go:470.3,471.10 2 0
github.com/agreen757/tm-tui/internal/ui/command_handlers.go:471.10,473.4 1 0
github.com/agreen757/tm-tui/internal/ui/command_handlers.go:474.3,480.118 2 0
github.com/agreen757/tm-tui/internal/ui/command_handlers.go:480.118,482.4 1 0
github.com/agreen757/tm-tui/internal/ui/command_handlers.go:486.39,488.15 2 0
github.com/agreen757/tm-tui/internal/ui/command_handlers.go:488.15,490.3 1 0
github.com/agreen757/tm-tui/internal/ui/command_handlers.go:491.2,512.100 2 0
github.com/agreen757/tm-tui/internal/ui/command_handlers.go:512.100,513.26 1 0
github.com/agreen757/tm-tui/internal/ui/command_handlers.go:513.26,515.5 1 0
github.com/agreen757/tm-tui/internal/ui/command_handlers.go:516.4,517.18 2 0
github.com/agreen757/tm-tui/internal/ui/command_handlers.go:517.18,519.5 1 0
github.com/agreen757/tm-tui/internal/ui/command_handlers.go:520.4,523.10 1 0
github.com/agreen757/tm-tui/internal/ui/command_handlers.go:526.2,526.72 1 0
github.com/agreen757/tm-tui/internal/ui/command_handlers.go:526.72,527.17 1 0
github.com/agreen757/tm-tui/internal/ui/command_handlers.go:527.17,536.4 3 0
github.com/agreen757/tm-tui/internal/ui/command_handlers.go:537.3,537.19 1 0
github.com/agreen757/tm-tui/internal/ui/command_handlers.go:537.19,539.4 1 0
github.com/agreen757/tm-tui/internal/ui/command_handlers.go:540.3,541.10 2 0
github.com/agreen757/tm-tui/internal/ui/command_handlers.go:541.10,543.4 1 0
github.com/agreen757/tm-tui/internal/ui/command_handlers.go:544.3,544.121 1 0
github.com/agreen757/tm-tui/internal/ui/command_handlers.go:544.121,546.4 1 0
github.com/agreen757/tm-tui/internal/ui/command_handlers.go:550.44,552.24 1 0
github.com/agreen757/tm-tui/internal/ui/command_handlers.go:552.24,556.17 4 0
github.com/agreen757/tm-tui/internal/ui/command_handlers.go:556.17,558.4 1 0
github.com/agreen757/tm-tui/internal/ui/command_handlers.go:559.3,559.46 1 0
github.com/agreen757/tm-tui/internal/ui/command_handlers.go:569.68,571.30 2 0
github.com/agreen757/tm-tui/internal/ui/command_handlers.go:571.30,574.3 2 0
github.com/agreen757/tm-tui/internal/ui/command_handlers.go:577.2,586.9 3 0
github.com/agreen757/tm-tui/internal/ui/command_handlers.go:586.9,589.3 2 0
github.com/agreen757/tm-tui/internal/ui/command_handlers.go:590.2,593.77 2 0
github.com/agreen757/tm-tui/internal/ui/command_handlers.go:593.77,595.3 1 0
github.com/agreen757/tm-tui/internal/ui/command_handlers.go:598.2,603.17 4 0
github.com/agreen757/tm-tui/internal/ui/command_handlers.go:603.17,605.17 2 0
github.com/agreen757/tm-tui/internal/ui/command_handlers.go:605.17,607.4 1 0
github.com/agreen757/tm-tui/internal/ui/command_handlers.go:609.2,609.18 1 0
github.com/agreen757/tm-tui/internal/ui/command_handlers.go:609.18,611.18 2 0
github.com/agreen757/tm-tui/internal/ui/command_handlers.go:611.18,613.4 1 0
github.com/agreen757/tm-tui/internal/ui/command_handlers.go:616.2,621.76 3 0
github.com/agreen757/tm-tui/internal/ui/command_handlers.go:621.76,622.17 1 0
github.com/agreen757/tm-tui/internal/ui/command_handlers.go:622.17,631.4 4 0
github.com/agreen757/tm-tui/internal/ui/command_handlers.go:633.3,634.10 2 0
github.com/agreen757/tm-tui/internal/ui/command_handlers.go:634.10,637.4 2 0
github.com/agreen757/tm-tui/internal/ui/command_handlers.go:640.3,640.29 1 0
github.com/agreen757/tm-tui/internal/ui/command_handlers.go:640.29,642.4 1 0
github.com/agreen757/tm-tui/internal/ui/command_handlers.go:644.3,646.22 2 0
github.com/agreen757/tm-tui/internal/ui/command_handlers.go:646.22,648.41 1 0
github.com/agreen757/tm-tui/internal/ui/command_handlers.go:648.41,651.116 3 0
github.com/agreen757/tm-tui/internal/ui/command_handlers.go:651.116,653.6 1 0
github.com/agreen757/tm-tui/internal/ui/command_handlers.go:655.4,656.14 2 0
github.com/agreen757/tm-tui/internal/ui/command_handlers.go:660.3,662.13 3 0
github.com/agreen757/tm-tui/internal/ui/command_handlers.go:666.81,667.26 1 0
github.com/agreen757/tm-tui/internal/ui/command_handlers.go:667.26,669.3 1 0
github.com/agreen757/tm-tui/internal/ui/command_handlers.go:670.2,670.31 1 0
github.com/agreen757/tm-tui/internal/ui/command_handlers.go:670.31,678.3 3 0
github.com/agreen757/tm-tui/internal/ui/command_handlers.go:679.2,681.64 3 0
github.com/agreen757/tm-tui/internal/ui/command_handlers.go:681.64,689.3 2 0
github.com/agreen757/tm-tui/internal/ui/command_handlers.go:692.53,693.28 1 0
github.com/agreen757/tm-tui/internal/ui/command_handlers.go:693.28,695.3 1 0
github.com/agreen757/tm-tui/internal/ui/command_handlers.go:696.2,696.27 1 0
github.com/agreen757/tm-tui/internal/ui/command_handlers.go:696.27,698.3 1 0
github.com/agreen757/tm-tui/internal/ui/command_handlers.go:699.2,699.12 1 0
github.com/agreen757/tm-tui/internal/ui/command_handlers.go:702.56,704.15 2 0
github.com/agreen757/tm-tui/internal/ui/command_handlers.go:704.15,707.3 2 0
github.com/agreen757/tm-tui/internal/ui/command_handlers.go:708.2,712.28 5 0
github.com/agreen757/tm-tui/internal/ui/command_handlers.go:712.28,716.3 3 0
github.com/agreen757/tm-tui/internal/ui/command_handlers.go:717.2,721.34 2 0
github.com/agreen757/tm-tui/internal/ui/command_handlers.go:725.48,727.15 2 0
github.com/agreen757/tm-tui/internal/ui/command_handlers.go:727.15,730.3 2 0
github.com/agreen757/tm-tui/internal/ui/command_handlers.go:731.2,734.34 4 0
github.com/agreen757/tm-tui/internal/ui/command_handlers.go:738.58,740.15 2 0
github.com/agreen757/tm-tui/internal/ui/command_handlers.go:740.15,743.3 2 0
github.com/agreen757/tm-tui/internal/ui/command_handlers.go:744.2,747.34 4 0
github.com/agreen757/tm-tui/internal/ui/command_handlers.go:751.47,752.58 1 0
github.com/agreen757/tm-tui/internal/ui/command_handlers.go:752.58,760.3 3 0
github.com/agreen757/tm-tui/internal/ui/command_handlers.go:761.2,762.45 2 0
github.com/agreen757/tm-tui/internal/ui/command_handlers.go:765.68,766.30 1 0
github.com/agreen757/tm-tui/internal/ui/command_handlers.go:766.30,767.30 1 0
github.com/agreen757/tm-tui/internal/ui/command_handlers.go:767.30,769.4 1 0
github.com/agreen757/tm-tui/internal/ui/command_handlers.go:771.2,771.11 1 0
github.com/agreen757/tm-tui/internal/ui/command_handlers.go:774.64,775.30 1 0
github.com/agreen757/tm-tui/internal/ui/command_handlers.go:775.30,776.28 1 0
github.com/agreen757/tm-tui/internal/ui/command_handlers.go:776.28,778.4 1 0
github.com/agreen757/tm-tui/internal/ui/command_handlers.go:780.2,780.14 1 0
github.com/agreen757/tm-tui/internal/ui/command_handlers.go:783.72,784.20 1 0
github.com/agreen757/tm-tui/internal/ui/command_handlers.go:784.20,786.3 1 0
github.com/agreen757/tm-tui/internal/ui/command_handlers.go:787.2,787.24 1 0
github.com/agreen757/tm-tui/internal/ui/command_handlers.go:787.24,792.3 4 0
github.com/agreen757/tm-tui/internal/ui/command_handlers.go:795.145,796.26 1 0
github.com/agreen757/tm-tui/internal/ui/command_handlers.go:796.26,799.3 2 0
github.com/agreen757/tm-tui/internal/ui/command_handlers.go:800.2,800.24 1 0
github.com/agreen757/tm-tui/internal/ui/command_handlers.go:800.24,804.17 4 0
github.com/agreen757/tm-tui/internal/ui/command_handlers.go:804.17,806.4 1 0
github.com/agreen757/tm-tui/internal/ui/command_handlers.go:807.3,807.81 1 0
github.com/agreen757/tm-tui/internal/ui/command_handlers.go:813.59,814.26 1 0
github.com/agreen757/tm-tui/internal/ui/command_handlers.go:814.26,817.3 2 0
github.com/agreen757/tm-tui/internal/ui/command_handlers.go:820.2,821.9 2 0
github.com/agreen757/tm-tui/internal/ui/command_handlers.go:821.9,824.3 2 0
github.com/agreen757/tm-tui/internal/ui/command_handlers.go:827.2,834.22 3 0
github.com/agreen757/tm-tui/internal/ui/command_handlers.go:834.22,837.3 2 0
github.com/agreen757/tm-tui/internal/ui/command_handlers.go:840.2,844.42 3 0
github.com/agreen757/tm-tui/internal/ui/command_handlers.go:849.83,851.15 2 0
github.com/agreen757/tm-tui/internal/ui/command_handlers.go:851.15,853.3 1 0
github.com/agreen757/tm-tui/internal/ui/command_handlers.go:855.2,857.81 2 0
github.com/agreen757/tm-tui/internal/ui/command_handlers.go:857.81,858.17 1 0
github.com/agreen757/tm-tui/internal/ui/command_handlers.go:858.17,861.4 2 0
github.com/agreen757/tm-tui/internal/ui/command_handlers.go:863.3,863.52 1 0
github.com/agreen757/tm-tui/internal/ui/command_handlers.go:866.2,866.29 1 0
github.com/agreen757/tm-tui/internal/ui/command_handlers.go:871.80,873.15 2 0
github.com/agreen757/tm-tui/internal/ui/command_handlers.go:873.15,875.3 1 0
github.com/agreen757/tm-tui/internal/ui/command_handlers.go:877.2,879.78 2 0
github.com/agreen757/tm-tui/internal/ui/command_handlers.go:879.78,880.17 1 0
github.com/agreen757/tm-tui/internal/ui/command_handlers.go:880.17,883.4 2 0
github.com/agreen757/tm-tui/internal/ui/command_handlers.go:886.3,887.10 2 0
github.com/agreen757/tm-tui/internal/ui/command_handlers.go:887.10,889.4 1 0
github.com/agreen757/tm-tui/internal/ui/command_handlers.go:892.3,892.68 1 0
github.com/agreen757/tm-tui/internal/ui/command_handlers.go:895.2,895.26 1 0
github.com/agreen757/tm-tui/internal/ui/command_handlers.go:900.98,901.26 1 0
github.com/agreen757/tm-tui/internal/ui/command_handlers.go:901.26,904.3 2 0
github.com/agreen757/tm-tui/internal/ui/command_handlers.go:907.2,908.9 2 0
github.com/agreen757/tm-tui/internal/ui/command_handlers.go:908.9,911.3 2 0
github.com/agreen757/tm-tui/internal/ui/command_handlers.go:914.2,915.16 2 0
github.com/agreen757/tm-tui/internal/ui/command_handlers.go:915.16,918.3 2 0
github.com/agreen757/tm-tui/internal/ui/command_handlers.go:921.2,924.36 2 0
github.com/agreen757/tm-tui/internal/ui/command_handlers.go:929.53,931.15 2 0
github.com/agreen757/tm-tui/internal/ui/command_handlers.go:931.15,933.3 1 0
github.com/agreen757/tm-tui/internal/ui/command_handlers.go:935.2,935.24 1 0
github.com/agreen757/tm-tui/internal/ui/command_handlers.go:935.24,936.26 1 0
github.com/agreen757/tm-tui/internal/ui/command_handlers.go:936.26,938.4 1 0
github.com/agreen757/tm-tui/internal/ui/command_handlers.go:939.3,939.37 1 0
github.com/agreen757/tm-tui/internal/ui/command_handlers.go:945.36,946.31 1 0
github.com/agreen757/tm-tui/internal/ui/command_handlers.go:946.31,949.3 2 0
github.com/agreen757/tm-tui/internal/ui/command_handlers.go:954.47,957.2 2 0
github.com/agreen757/tm-tui/internal/ui/command_handlers.go:960.45,964.53 2 0
github.com/agreen757/tm-tui/internal/ui/command_handlers.go:964.53,973.3 4 0
github.com/agreen757/tm-tui/internal/ui/command_handlers.go:976.2,992.77 3 0
github.com/agreen757/tm-tui/internal/ui/command_handlers.go:992.77,993.17 1 0
github.com/agreen757/tm-tui/internal/ui/command_handlers.go:993.17,1001.4 3 0
github.com/agreen757/tm-tui/internal/ui/command_handlers.go:1004.3,1004.19 1 0
github.com/agreen757/tm-tui/internal/ui/command_handlers.go:1004.19,1006.4 1 0
github.com/agreen757/tm-tui/internal/ui/command_handlers.go:1009.3,1010.33 2 0
github.com/agreen757/tm-tui/internal/ui/command_handlers.go:1010.33,1012.4 1 0
github.com/agreen757/tm-tui/internal/ui/command_handlers.go:1015.3,1015.49 1 0
github.com/agreen757/tm-tui/internal/ui/command_handlers.go:1018.2,1018.25 1 0
github.com/agreen757/tm-tui/internal/ui/command_handlers.go:1022.90,1026.53 2 0
github.com/agreen757/tm-tui/internal/ui/command_handlers.go:1026.53,1035.3 4 0
github.com/agreen757/tm-tui/internal/ui/command_handlers.go:1038.2,1043.25 2 0
github.com/agreen757/tm-tui/internal/ui/command_handlers.go:1043.25,1060.3 3 0
github.com/agreen757/tm-tui/internal/ui/command_handlers.go:1063.2,1070.3 2 0
github.com/agreen757/tm-tui/internal/ui/command_handlers.go:1075.78,1076.24 1 0
github.com/agreen757/tm-tui/internal/ui/command_handlers.go:1076.24,1084.3 1 0
github.com/agreen757/tm-tui/internal/ui/command_handlers.go:1089.79,1090.24 1 0
github.com/agreen757/tm-tui/internal/ui/command_handlers.go:1090.24,1094.17 2 0
github.com/agreen757/tm-tui/internal/ui/command_handlers.go:1094.17,1101.4 2 0
github.com/agreen757/tm-tui/internal/ui/command_handlers.go:1103.3,1110.4 2 0
github.com/agreen757/tm-tui/internal/ui/command_handlers.go:1115.104,1117.12 2 0
github.com/agreen757/tm-tui/internal/ui/command_handlers.go:1117.12,1119.32 2 0
github.com/agreen757/tm-tui/internal/ui/command_handlers.go:1119.32,1124.4 1 0
github.com/agreen757/tm-tui/internal/ui/command_handlers.go:1126.2,1126.16 1 0
github.com/agreen757/tm-tui/internal/ui/command_handlers.go:1132.47,1133.21 1 0
github.com/agreen757/tm-tui/internal/ui/command_handlers.go:1133.21,1135.3 1 0
github.com/agreen757/tm-tui/internal/ui/command_handlers.go:1138.2,1138.11 1 0
github.com/agreen757/tm-tui/internal/ui/command_handlers.go:1142.55,1143.27 1 0
github.com/agreen757/tm-tui/internal/ui/command_handlers.go:1143.27,1145.3 1 0
github.com/agreen757/tm-tui/internal/ui/command_handlers.go:1146.2,1146.17 1 0
github.com/agreen757/tm-tui/internal/ui/command_handlers.go:1146.17,1148.3 1 0
github.com/agreen757/tm-tui/internal/ui/command_handlers.go:1149.2,1149.34 1 0
github.com/agreen757/tm-tui/internal/ui/command_handlers.go:1155.41,1156.25 1 0
github.com/agreen757/tm-tui/internal/ui/command_handlers.go:1156.25,1163.3 3 0
github.com/agreen757/tm-tui/internal/ui/command_handlers.go:1164.2,1164.28 1 0
github.com/agreen757/tm-tui/internal/ui/command_handlers.go:1172.92,1177.2 2 0
github.com/agreen757/tm-tui/internal/ui/command_handlers.go:1180.52,1182.2 1 0
github.com/agreen757/tm-tui/internal/ui/command_handlers.go:1185.48,1187.56 1 0
github.com/agreen757/tm-tui/internal/ui/command_handlers.go:1187.56,1190.3 2 0
github.com/agreen757/tm-tui/internal/ui/command_handlers.go:1192.2,1193.50 2 0
github.com/agreen757/tm-tui/internal/ui/command_handlers.go:1193.50,1196.3 2 0
github.com/agreen757/tm-tui/internal/ui/command_handlers.go:1198.2,1198.52 1 0
github.com/agreen757/tm-tui/internal/ui/command_handlers.go:1198.52,1201.3 2 0
github.com/agreen757/tm-tui/internal/ui/command_handlers.go:1204.2,1205.15 2 0
github.com/agreen757/tm-tui/internal/ui/command_handlers.go:1205.15,1208.3 2 0
github.com/agreen757/tm-tui/internal/ui/command_handlers.go:1210.2,1213.80 2 0
github.com/agreen757/tm-tui/internal/ui/command_handlers.go:1213.80,1214.17 1 0
github.com/agreen757/tm-tui/internal/ui/command_handlers.go:1214.17,1217.4 2 0
github.com/agreen757/tm-tui/internal/ui/command_handlers.go:1220.3,1220.19 1 0
github.com/agreen757/tm-tui/internal/ui/command_handlers.go:1220.19,1222.4 1 0
github.com/agreen757/tm-tui/internal/ui/command_handlers.go:1225.3,1226.10 2 0
github.com/agreen757/tm-tui/internal/ui/command_handlers.go:1226.10,1228.4 1 0
github.com/agreen757/tm-tui/internal/ui/command_handlers.go:1231.3,1231.21 1 0
github.com/agreen757/tm-tui/internal/ui/command_handlers.go:1231.21,1233.4 1 0
github.com/agreen757/tm-tui/internal/ui/command_handlers.go:1236.3,1236.59 1 0
github.com/agreen757/tm-tui/internal/ui/command_handlers.go:1239.2,1239.12 1 0
github.com/agreen757/tm-tui/internal/ui/command_handlers.go:1243.89,1255.81 4 0
github.com/agreen757/tm-tui/internal/ui/command_handlers.go:1255.81,1256.17 1 0
github.com/agreen757/tm-tui/internal/ui/command_handlers.go:1256.17,1259.4 2 0
github.com/agreen757/tm-tui/internal/ui/command_handlers.go:1262.3,1263.10 2 0
github.com/agreen757/tm-tui/internal/ui/command_handlers.go:1263.10,1265.4 1 0
github.com/agreen757/tm-tui/internal/ui/command_handlers.go:1268.3,1268.52 1 0
github.com/agreen757/tm-tui/internal/ui/command_handlers.go:1268.52,1271.4 1 0
github.com/agreen757/tm-tui/internal/ui/command_handlers.go:1274.3,1274.13 1 0
github.com/agreen757/tm-tui/internal/ui/command_handlers.go:1277.2,1277.12 1 0
github.com/agreen757/tm-tui/internal/ui/command_handlers.go:1281.73,1283.2 1 0
github.com/agreen757/tm-tui/internal/ui/command_handlers.go:1286.81,1295.35 4 0
github.com/agreen757/tm-tui/internal/ui/command_handlers.go:1295.35,1297.3 1 0
github.com/agreen757/tm-tui/internal/ui/command_handlers.go:1300.2,1301.44 2 0
github.com/agreen757/tm-tui/internal/ui/command_handlers.go:1301.44,1303.3 1 0
github.com/agreen757/tm-tui/internal/ui/command_handlers.go:1306.2,1307.16 2 0
github.com/agreen757/tm-tui/internal/ui/command_handlers.go:1307.16,1310.3 2 0
github.com/agreen757/tm-tui/internal/ui/command_handlers.go:1312.2,1316.18 2 0
github.com/agreen757/tm-tui/internal/ui/command_handlers.go:1316.18,1322.4 1 0
github.com/agreen757/tm-tui/internal/ui/command_handlers.go:1328.82,1329.24 1 0
github.com/agreen757/tm-tui/internal/ui/command_handlers.go:1329.24,1335.7 3 0
github.com/agreen757/tm-tui/internal/ui/command_handlers.go:1335.7,1336.11 1 0
github.com/agreen757/tm-tui/internal/ui/command_handlers.go:1337.34,1338.12 1 0
github.com/agreen757/tm-tui/internal/ui/command_handlers.go:1338.12,1340.14 1 0
github.com/agreen757/tm-tui/internal/ui/command_handlers.go:1342.5,1345.6 1 0
github.com/agreen757/tm-tui/internal/ui/command_handlers.go:1346.30,1351.29 2 0
github.com/agreen757/tm-tui/internal/ui/command_handlers.go:1351.29,1353.22 1 0
github.com/agreen757/tm-tui/internal/ui/command_handlers.go:1353.22,1354.26 1 0
github.com/agreen757/tm-tui/internal/ui/command_handlers.go:1354.26,1358.9 1 0
github.com/agreen757/tm-tui/internal/ui/command_handlers.go:1359.8,1360.31 2 0
github.com/agreen757/tm-tui/internal/ui/command_handlers.go:1360.31,1362.9 1 0
github.com/agreen757/tm-tui/internal/ui/command_handlers.go:1363.8,1367.9 1 0
github.com/agreen757/tm-tui/internal/ui/command_handlers.go:1373.5,1373.23 1 0
github.com/agreen757/tm-tui/internal/ui/command_handlers.go:1373.23,1377.6 1 0
github.com/agreen757/tm-tui/internal/ui/command_handlers.go:1378.5,1379.28 2 0
github.com/agreen757/tm-tui/internal/ui/command_handlers.go:1379.28,1381.6 1 0
github.com/agreen757/tm-tui/internal/ui/command_handlers.go:1382.5,1386.6 1 0
github.com/agreen757/tm-tui/internal/ui/command_handlers.go:1393.49,1397.2 1 0
github.com/agreen757/tm-tui/internal/ui/command_handlers.go:1400.53,1402.16 2 0
github.com/agreen757/tm-tui/internal/ui/command_handlers.go:1402.16,1404.3 1 0
github.com/agreen757/tm-tui/internal/ui/command_handlers.go:1405.2,1405.12 1 0
github.com/agreen757/tm-tui/internal/ui/commands.go:43.42,64.2 1 0
github.com/agreen757/tm-tui/internal/ui/commands.go:71.62,73.2 1 0
github.com/agreen757/tm-tui/internal/ui/commands.go:76.45,77.27 1 0
github.com/agreen757/tm-tui/internal/ui/commands.go:77.27,79.3 1 0
github.com/agreen757/tm-tui/internal/ui/commands.go:80.2,80.62 1 0
github.com/agreen757/tm-tui/internal/ui/commands.go:84.51,86.2 1 0
github.com/agreen757/tm-tui/internal/ui/commands.go:89.51,91.2 1 0
github.com/agreen757/tm-tui/internal/ui/commands.go:100.56,102.2 1 0
github.com/agreen757/tm-tui/internal/ui/complexity.go:16.34,17.24 1 0
github.com/agreen757/tm-tui/internal/ui/complexity.go:17.24,17.38 1 0
github.com/agreen757/tm-tui/internal/ui/complexity.go:21.45,23.15 2 0
github.com/agreen757/tm-tui/internal/ui/complexity.go:23.15,25.3 1 0
github.com/agreen757/tm-tui/internal/ui/complexity.go:27.2,28.27 2 0
github.com/agreen757/tm-tui/internal/ui/complexity.go:28.27,30.3 1 0
github.com/agreen757/tm-tui/internal/ui/complexity.go:33.2,34.16 2 0
github.com/agreen757/tm-tui/internal/ui/complexity.go:34.16,37.3 2 0
github.com/agreen757/tm-tui/internal/ui/complexity.go:40.2,40.79 1 0
github.com/agreen757/tm-tui/internal/ui/complexity.go:40.79,41.17 1 0
github.com/agreen757/tm-tui/internal/ui/complexity.go:41.17,42.26 1 0
github.com/agreen757/tm-tui/internal/ui/complexity.go:42.26,44.5 1 0
github.com/agreen757/tm-tui/internal/ui/complexity.go:48.3,48.19 1 0
github.com/agreen757/tm-tui/internal/ui/complexity.go:48.19,50.4 1 0
github.com/agreen757/tm-tui/internal/ui/complexity.go:53.3,54.10 2 0
github.com/agreen757/tm-tui/internal/ui/complexity.go:54.10,55.26 1 0
github.com/agreen757/tm-tui/internal/ui/complexity.go:55.26,57.5 1 0
github.com/agreen757/tm-tui/internal/ui/complexity.go:61.3,61.25 1 0
github.com/agreen757/tm-tui/internal/ui/complexity.go:61.25,66.4 1 0
github.com/agreen757/tm-tui/internal/ui/complexity.go:71.87,73.15 2 0
github.com/agreen757/tm-tui/internal/ui/complexity.go:73.15,75.3 1 0
github.com/agreen757/tm-tui/internal/ui/complexity.go:77.2,80.19 2 0
github.com/agreen757/tm-tui/internal/ui/complexity.go:81.13,83.32 1 0
github.com/agreen757/tm-tui/internal/ui/complexity.go:84.18,86.17 1 0
github.com/agreen757/tm-tui/internal/ui/complexity.go:89.2,101.82 4 0
github.com/agreen757/tm-tui/internal/ui/complexity.go:101.82,103.17 1 0
github.com/agreen757/tm-tui/internal/ui/complexity.go:103.17,104.26 1 0
github.com/agreen757/tm-tui/internal/ui/complexity.go:104.26,106.5 1 0
github.com/agreen757/tm-tui/internal/ui/complexity.go:110.3,110.19 1 0
github.com/agreen757/tm-tui/internal/ui/complexity.go:110.19,112.4 1 0
github.com/agreen757/tm-tui/internal/ui/complexity.go:114.3,114.13 1 0
github.com/agreen757/tm-tui/internal/ui/complexity.go:117.2,120.74 2 0
github.com/agreen757/tm-tui/internal/ui/complexity.go:124.93,126.40 1 0
github.com/agreen757/tm-tui/internal/ui/complexity.go:126.40,127.78 1 0
github.com/agreen757/tm-tui/internal/ui/complexity.go:127.78,129.61 1 0
github.com/agreen757/tm-tui/internal/ui/complexity.go:129.61,140.5 2 0
github.com/agreen757/tm-tui/internal/ui/complexity.go:144.2,144.12 1 0
github.com/agreen757/tm-tui/internal/ui/complexity.go:148.95,151.15 2 0
github.com/agreen757/tm-tui/internal/ui/complexity.go:151.15,153.3 1 0
github.com/agreen757/tm-tui/internal/ui/complexity.go:154.2,157.22 2 0
github.com/agreen757/tm-tui/internal/ui/complexity.go:157.22,158.45 1 0
github.com/agreen757/tm-tui/internal/ui/complexity.go:158.45,161.4 2 0
github.com/agreen757/tm-tui/internal/ui/complexity.go:162.3,163.13 2 0
github.com/agreen757/tm-tui/internal/ui/complexity.go:167.2,167.53 1 0
github.com/agreen757/tm-tui/internal/ui/complexity.go:167.53,170.3 2 0
github.com/agreen757/tm-tui/internal/ui/complexity.go:173.2,173.15 1 0
github.com/agreen757/tm-tui/internal/ui/complexity.go:173.15,175.3 1 0
github.com/agreen757/tm-tui/internal/ui/complexity.go:176.2,180.80 3 0
github.com/agreen757/tm-tui/internal/ui/complexity.go:180.80,181.17 1 0
github.com/agreen757/tm-tui/internal/ui/complexity.go:181.17,182.26 1 0
github.com/agreen757/tm-tui/internal/ui/complexity.go:182.26,184.5 1 0
github.com/agreen757/tm-tui/internal/ui/complexity.go:188.3,188.19 1 0
github.com/agreen757/tm-tui/internal/ui/complexity.go:188.19,190.4 1 0
github.com/agreen757/tm-tui/internal/ui/complexity.go:193.3,194.10 2 0
github.com/agreen757/tm-tui/internal/ui/complexity.go:194.10,196.4 1 0
github.com/agreen757/tm-tui/internal/ui/complexity.go:198.3,198.24 1 0
github.com/agreen757/tm-tui/internal/ui/complexity.go:199.17,201.26 1 0
github.com/agreen757/tm-tui/internal/ui/complexity.go:201.26,203.5 1 0
github.com/agreen757/tm-tui/internal/ui/complexity.go:204.17,206.26 1 0
github.com/agreen757/tm-tui/internal/ui/complexity.go:206.26,208.5 1 0
github.com/agreen757/tm-tui/internal/ui/complexity.go:209.17,211.26 1 0
github.com/agreen757/tm-tui/internal/ui/complexity.go:211.26,213.5 1 0
github.com/agreen757/tm-tui/internal/ui/complexity.go:216.3,216.29 1 0
github.com/agreen757/tm-tui/internal/ui/complexity.go:219.2,219.28 1 0
github.com/agreen757/tm-tui/internal/ui/complexity.go:222.109,223.31 1 0
github.com/agreen757/tm-tui/internal/ui/complexity.go:223.31,226.3 2 0
github.com/agreen757/tm-tui/internal/ui/complexity.go:228.2,234.12 5 0
github.com/agreen757/tm-tui/internal/ui/complexity.go:234.12,236.135 2 0
github.com/agreen757/tm-tui/internal/ui/complexity.go:236.135,238.28 2 0
github.com/agreen757/tm-tui/internal/ui/complexity.go:238.28,240.5 1 0
github.com/agreen757/tm-tui/internal/ui/complexity.go:241.4,247.11 2 0
github.com/agreen757/tm-tui/internal/ui/complexity.go:248.27,248.27 0 0
github.com/agreen757/tm-tui/internal/ui/complexity.go:249.22,249.22 0 0
github.com/agreen757/tm-tui/internal/ui/complexity.go:253.3,253.10 1 0
github.com/agreen757/tm-tui/internal/ui/complexity.go:254.81,254.81 0 0
github.com/agreen757/tm-tui/internal/ui/complexity.go:255.21,255.21 0 0
github.com/agreen757/tm-tui/internal/ui/complexity.go:259.2,259.38 1 0
github.com/agreen757/tm-tui/internal/ui/complexity.go:262.53,264.15 2 0
github.com/agreen757/tm-tui/internal/ui/complexity.go:264.15,266.3 1 0
github.com/agreen757/tm-tui/internal/ui/complexity.go:268.2,268.24 1 0
github.com/agreen757/tm-tui/internal/ui/complexity.go:268.24,269.26 1 0
github.com/agreen757/tm-tui/internal/ui/complexity.go:269.26,271.4 1 0
github.com/agreen757/tm-tui/internal/ui/complexity.go:272.3,272.37 1 0
github.com/agreen757/tm-tui/internal/ui/complexity.go:276.44,277.31 1 0
github.com/agreen757/tm-tui/internal/ui/complexity.go:277.31,280.3 2 0
github.com/agreen757/tm-tui/internal/ui/complexity.go:283.47,290.2 6 0
github.com/agreen757/tm-tui/internal/ui/complexity.go:292.54,293.31 1 0
github.com/agreen757/tm-tui/internal/ui/complexity.go:293.31,294.30 1 0
github.com/agreen757/tm-tui/internal/ui/complexity.go:294.30,298.4 3 0
github.com/agreen757/tm-tui/internal/ui/complexity.go:299.3,299.13 1 0
github.com/agreen757/tm-tui/internal/ui/complexity.go:302.2,304.12 3 0
github.com/agreen757/tm-tui/internal/ui/complexity.go:308.85,309.20 1 0
github.com/agreen757/tm-tui/internal/ui/complexity.go:310.16,312.23 1 0
github.com/agreen757/tm-tui/internal/ui/complexity.go:312.23,314.4 1 0
github.com/agreen757/tm-tui/internal/ui/complexity.go:315.3,315.25 1 0
github.com/agreen757/tm-tui/internal/ui/complexity.go:315.25,317.4 1 0
github.com/agreen757/tm-tui/internal/ui/complexity.go:319.16,323.16 2 0
github.com/agreen757/tm-tui/internal/ui/complexity.go:323.16,325.4 1 0
github.com/agreen757/tm-tui/internal/ui/complexity.go:326.3,327.10 2 0
github.com/agreen757/tm-tui/internal/ui/complexity.go:327.10,329.4 1 0
github.com/agreen757/tm-tui/internal/ui/complexity.go:331.3,332.10 2 0
github.com/agreen757/tm-tui/internal/ui/complexity.go:332.10,334.4 1 0
github.com/agreen757/tm-tui/internal/ui/complexity.go:337.3,341.17 2 0
github.com/agreen757/tm-tui/internal/ui/complexity.go:341.17,342.26 1 0
github.com/agreen757/tm-tui/internal/ui/complexity.go:342.26,344.5 1 0
github.com/agreen757/tm-tui/internal/ui/complexity.go:348.3,348.81 1 0
github.com/agreen757/tm-tui/internal/ui/complexity.go:348.81,349.18 1 0
github.com/agreen757/tm-tui/internal/ui/complexity.go:349.18,350.27 1 0
github.com/agreen757/tm-tui/internal/ui/complexity.go:350.27,352.6 1 0
github.com/agreen757/tm-tui/internal/ui/complexity.go:356.4,356.20 1 0
github.com/agreen757/tm-tui/internal/ui/complexity.go:356.20,358.5 1 0
github.com/agreen757/tm-tui/internal/ui/complexity.go:361.4,361.26 1 0
github.com/agreen757/tm-tui/internal/ui/complexity.go:361.26,363.5 1 0
github.com/agreen757/tm-tui/internal/ui/complexity.go:365.3,365.29 1 0
github.com/agreen757/tm-tui/internal/ui/complexity.go:367.16,370.16 2 0
github.com/agreen757/tm-tui/internal/ui/complexity.go:370.16,372.4 1 0
github.com/agreen757/tm-tui/internal/ui/complexity.go:373.3,374.17 2 0
github.com/agreen757/tm-tui/internal/ui/complexity.go:374.17,375.26 1 0
github.com/agreen757/tm-tui/internal/ui/complexity.go:375.26,377.5 1 0
github.com/agreen757/tm-tui/internal/ui/complexity.go:381.3,381.81 1 0
github.com/agreen757/tm-tui/internal/ui/complexity.go:381.81,382.18 1 0
github.com/agreen757/tm-tui/internal/ui/complexity.go:382.18,383.27 1 0
github.com/agreen757/tm-tui/internal/ui/complexity.go:383.27,385.6 1 0
github.com/agreen757/tm-tui/internal/ui/complexity.go:389.4,389.20 1 0
github.com/agreen757/tm-tui/internal/ui/complexity.go:389.20,391.5 1 0
github.com/agreen757/tm-tui/internal/ui/complexity.go:394.4,395.11 2 0
github.com/agreen757/tm-tui/internal/ui/complexity.go:395.11,396.27 1 0
github.com/agreen757/tm-tui/internal/ui/complexity.go:396.27,398.6 1 0
github.com/agreen757/tm-tui/internal/ui/complexity.go:402.4,402.26 1 0
github.com/agreen757/tm-tui/internal/ui/complexity.go:402.26,407.5 1 0
github.com/agreen757/tm-tui/internal/ui/complexity.go:409.3,409.29 1 0
github.com/agreen757/tm-tui/internal/ui/complexity.go:412.2,412.12 1 0
github.com/agreen757/tm-tui/internal/ui/complexity.go:416.87,419.15 2 0
github.com/agreen757/tm-tui/internal/ui/complexity.go:419.15,421.3 1 0
github.com/agreen757/tm-tui/internal/ui/complexity.go:422.2,422.65 1 0
github.com/agreen757/tm-tui/internal/ui/complexity.go:422.65,424.3 1 0
github.com/agreen757/tm-tui/internal/ui/complexity.go:427.2,427.24 1 0
github.com/agreen757/tm-tui/internal/ui/complexity.go:427.24,429.3 1 0
github.com/agreen757/tm-tui/internal/ui/complexity.go:433.87,436.19 2 0
github.com/agreen757/tm-tui/internal/ui/complexity.go:436.19,437.25 1 0
github.com/agreen757/tm-tui/internal/ui/complexity.go:437.25,442.4 1 0
github.com/agreen757/tm-tui/internal/ui/complexity.go:446.2,446.24 1 0
github.com/agreen757/tm-tui/internal/ui/complexity.go:446.24,458.3 3 0
github.com/agreen757/tm-tui/internal/ui/complexity.go:462.91,464.22 1 0
github.com/agreen757/tm-tui/internal/ui/complexity.go:464.22,467.3 2 0
github.com/agreen757/tm-tui/internal/ui/complexity.go:469.2,470.12 2 0
github.com/agreen757/tm-tui/internal/ui/confirm_dialog.go:20.108,28.2 1 0
github.com/agreen757/tm-tui/internal/ui/confirm_dialog.go:31.44,33.2 1 0
github.com/agreen757/tm-tui/internal/ui/confirm_dialog.go:36.71,37.27 1 0
github.com/agreen757/tm-tui/internal/ui/confirm_dialog.go:38.18,39.23 1 0
github.com/agreen757/tm-tui/internal/ui/confirm_dialog.go:40.14,43.22 3 0
github.com/agreen757/tm-tui/internal/ui/confirm_dialog.go:45.16,48.22 3 0
github.com/agreen757/tm-tui/internal/ui/confirm_dialog.go:50.28,51.30 1 0
github.com/agreen757/tm-tui/internal/ui/confirm_dialog.go:53.20,54.30 1 0
github.com/agreen757/tm-tui/internal/ui/confirm_dialog.go:57.25,59.24 2 0
github.com/agreen757/tm-tui/internal/ui/confirm_dialog.go:62.2,62.15 1 0
github.com/agreen757/tm-tui/internal/ui/confirm_dialog.go:66.43,125.2 12 0
github.com/agreen757/tm-tui/internal/ui/confirm_dialog.go:128.41,130.2 1 0
github.com/agreen757/tm-tui/internal/ui/confirm_dialog.go:133.43,135.2 1 0
github.com/agreen757/tm-tui/internal/ui/create_prd.go:20.49,24.35 2 0
github.com/agreen757/tm-tui/internal/ui/create_prd.go:24.35,27.3 2 0
github.com/agreen757/tm-tui/internal/ui/create_prd.go:30.2,30.31 1 0
github.com/agreen757/tm-tui/internal/ui/create_prd.go:30.31,32.3 1 0
github.com/agreen757/tm-tui/internal/ui/create_prd.go:33.2,36.31 2 0
github.com/agreen757/tm-tui/internal/ui/create_prd.go:40.46,43.15 3 0
github.com/agreen757/tm-tui/internal/ui/create_prd.go:43.15,45.3 1 0
github.com/agreen757/tm-tui/internal/ui/create_prd.go:47.2,47.79 1 0
github.com/agreen757/tm-tui/internal/ui/create_prd.go:47.79,48.17 1 0
github.com/agreen757/tm-tui/internal/ui/create_prd.go:48.17,51.4 2 0
github.com/agreen757/tm-tui/internal/ui/create_prd.go:54.3,55.10 2 0
github.com/agreen757/tm-tui/internal/ui/create_prd.go:55.10,57.4 1 0
github.com/agreen757/tm-tui/internal/ui/create_prd.go:60.3,60.32 1 0
github.com/agreen757/tm-tui/internal/ui/create_prd.go:60.32,62.4 1 0
github.com/agreen757/tm-tui/internal/ui/create_prd.go:65.3,65.38 1 0
github.com/agreen757/tm-tui/internal/ui/create_prd.go:68.2,68.27 1 0
github.com/agreen757/tm-tui/internal/ui/create_prd.go:72.52,78.15 4 0
github.com/agreen757/tm-tui/internal/ui/create_prd.go:78.15,80.3 1 0
github.com/agreen757/tm-tui/internal/ui/create_prd.go:82.2,83.27 2 0
github.com/agreen757/tm-tui/internal/ui/create_prd.go:87.49,90.64 2 0
github.com/agreen757/tm-tui/internal/ui/create_prd.go:90.64,92.3 1 0
github.com/agreen757/tm-tui/internal/ui/create_prd.go:92.8,94.3 1 0
github.com/agreen757/tm-tui/internal/ui/create_prd.go:96.2,97.15 2 0
github.com/agreen757/tm-tui/internal/ui/create_prd.go:97.15,99.3 1 0
github.com/agreen757/tm-tui/internal/ui/create_prd.go:101.2,101.79 1 0
github.com/agreen757/tm-tui/internal/ui/create_prd.go:101.79,102.17 1 0
github.com/agreen757/tm-tui/internal/ui/create_prd.go:102.17,105.4 2 0
github.com/agreen757/tm-tui/internal/ui/create_prd.go:107.3,108.10 2 0
github.com/agreen757/tm-tui/internal/ui/create_prd.go:108.10,110.4 1 0
github.com/agreen757/tm-tui/internal/ui/create_prd.go:113.3,113.32 1 0
github.com/agreen757/tm-tui/internal/ui/create_prd.go:113.32,115.4 1 0
github.com/agreen757/tm-tui/internal/ui/create_prd.go:118.3,118.38 1 0
github.com/agreen757/tm-tui/internal/ui/create_prd.go:121.2,121.27 1 0
github.com/agreen757/tm-tui/internal/ui/create_prd.go:126.70,130.31 2 0
github.com/agreen757/tm-tui/internal/ui/create_prd.go:130.31,134.3 3 0
github.com/agreen757/tm-tui/internal/ui/create_prd.go:137.2,138.53 2 0
github.com/agreen757/tm-tui/internal/ui/create_prd.go:138.53,140.66 1 0
github.com/agreen757/tm-tui/internal/ui/create_prd.go:140.66,145.4 3 0
github.com/agreen757/tm-tui/internal/ui/create_prd.go:147.3,149.35 3 0
github.com/agreen757/tm-tui/internal/ui/create_prd.go:151.2,169.82 10 0
github.com/agreen757/tm-tui/internal/ui/create_prd.go:174.120,188.18 4 0
github.com/agreen757/tm-tui/internal/ui/create_prd.go:188.18,194.4 1 0
github.com/agreen757/tm-tui/internal/ui/create_prd.go:195.18,200.4 1 0
github.com/agreen757/tm-tui/internal/ui/create_prd.go:205.162,219.16 7 0
github.com/agreen757/tm-tui/internal/ui/create_prd.go:219.16,227.3 3 0
github.com/agreen757/tm-tui/internal/ui/create_prd.go:229.2,230.16 2 0
github.com/agreen757/tm-tui/internal/ui/create_prd.go:230.16,238.3 3 0
github.com/agreen757/tm-tui/internal/ui/create_prd.go:241.2,241.36 1 0
github.com/agreen757/tm-tui/internal/ui/create_prd.go:241.36,249.3 3 0
github.com/agreen757/tm-tui/internal/ui/create_prd.go:251.2,267.12 6 0
github.com/agreen757/tm-tui/internal/ui/create_prd.go:267.12,274.22 5 0
github.com/agreen757/tm-tui/internal/ui/create_prd.go:274.22,281.11 3 0
github.com/agreen757/tm-tui/internal/ui/create_prd.go:282.69,282.69 0 0
github.com/agreen757/tm-tui/internal/ui/create_prd.go:283.22,284.11 1 0
github.com/agreen757/tm-tui/internal/ui/create_prd.go:288.4,288.22 1 0
github.com/agreen757/tm-tui/internal/ui/create_prd.go:291.3,291.39 1 0
github.com/agreen757/tm-tui/internal/ui/create_prd.go:291.39,293.4 1 0
github.com/agreen757/tm-tui/internal/ui/create_prd.go:297.2,297.12 1 0
github.com/agreen757/tm-tui/internal/ui/create_prd.go:297.12,303.22 5 0
github.com/agreen757/tm-tui/internal/ui/create_prd.go:303.22,310.11 3 0
github.com/agreen757/tm-tui/internal/ui/create_prd.go:311.80,311.80 0 0
github.com/agreen757/tm-tui/internal/ui/create_prd.go:312.22,313.11 1 0
github.com/agreen757/tm-tui/internal/ui/create_prd.go:317.4,317.33 1 0
github.com/agreen757/tm-tui/internal/ui/create_prd.go:320.3,320.39 1 0
github.com/agreen757/tm-tui/internal/ui/create_prd.go:320.39,322.4 1 0
github.com/agreen757/tm-tui/internal/ui/create_prd.go:326.2,334.16 4 0
github.com/agreen757/tm-tui/internal/ui/create_prd.go:334.16,342.3 3 0
github.com/agreen757/tm-tui/internal/ui/create_prd.go:345.2,348.3 2 0
github.com/agreen757/tm-tui/internal/ui/create_prd.go:352.41,355.2 2 0
github.com/agreen757/tm-tui/internal/ui/create_prd.go:358.65,360.64 1 0
github.com/agreen757/tm-tui/internal/ui/create_prd.go:360.64,363.3 2 0
github.com/agreen757/tm-tui/internal/ui/create_prd.go:366.2,367.24 2 0
github.com/agreen757/tm-tui/internal/ui/create_prd.go:367.24,370.3 2 0
github.com/agreen757/tm-tui/internal/ui/create_prd.go:372.2,372.13 1 0
github.com/agreen757/tm-tui/internal/ui/create_prd.go:376.87,382.24 3 0
github.com/agreen757/tm-tui/internal/ui/create_prd.go:382.24,384.3 1 0
github.com/agreen757/tm-tui/internal/ui/create_prd.go:385.2,388.34 2 0
github.com/agreen757/tm-tui/internal/ui/create_prd.go:392.41,393.24 1 0
github.com/agreen757/tm-tui/internal/ui/create_prd.go:393.24,394.32 1 0
github.com/agreen757/tm-tui/internal/ui/create_prd.go:394.32,397.4 2 0
github.com/agreen757/tm-tui/internal/ui/create_prd.go:399.3,401.35 2 0
github.com/agreen757/tm-tui/internal/ui/create_prd.go:401.35,404.4 2 0
github.com/agreen757/tm-tui/internal/ui/create_prd.go:407.3,407.27 1 0
github.com/agreen757/tm-tui/internal/ui/create_prd.go:407.27,410.4 2 0
github.com/agreen757/tm-tui/internal/ui/create_prd.go:413.3,414.17 2 0
github.com/agreen757/tm-tui/internal/ui/create_prd.go:414.17,417.4 2 0
github.com/agreen757/tm-tui/internal/ui/create_prd.go:419.3,422.46 2 0
github.com/agreen757/tm-tui/internal/ui/create_prd.go:422.46,425.17 2 0
github.com/agreen757/tm-tui/internal/ui/create_prd.go:425.17,434.84 4 0
github.com/agreen757/tm-tui/internal/ui/create_prd.go:434.84,435.20 1 0
github.com/agreen757/tm-tui/internal/ui/create_prd.go:435.20,437.7 1 0
github.com/agreen757/tm-tui/internal/ui/create_prd.go:439.6,440.13 2 0
github.com/agreen757/tm-tui/internal/ui/create_prd.go:440.13,442.7 1 0
github.com/agreen757/tm-tui/internal/ui/create_prd.go:444.6,444.52 1 0
github.com/agreen757/tm-tui/internal/ui/create_prd.go:444.52,446.7 1 0
github.com/agreen757/tm-tui/internal/ui/create_prd.go:446.12,449.7 1 0
github.com/agreen757/tm-tui/internal/ui/create_prd.go:452.5,452.32 1 0
github.com/agreen757/tm-tui/internal/ui/create_prd.go:456.4,457.14 2 0
github.com/agreen757/tm-tui/internal/ui/create_prd.go:461.3,461.47 1 0
github.com/agreen757/tm-tui/internal/ui/create_prd.go:466.66,467.24 1 0
github.com/agreen757/tm-tui/internal/ui/create_prd.go:467.24,474.75 3 0
github.com/agreen757/tm-tui/internal/ui/create_prd.go:474.75,477.28 2 0
github.com/agreen757/tm-tui/internal/ui/create_prd.go:477.28,479.5 1 0
github.com/agreen757/tm-tui/internal/ui/create_prd.go:479.10,479.33 1 0
github.com/agreen757/tm-tui/internal/ui/create_prd.go:479.33,481.5 1 0
github.com/agreen757/tm-tui/internal/ui/create_prd.go:482.4,483.14 2 0
github.com/agreen757/tm-tui/internal/ui/create_prd.go:487.3,492.16 4 0
github.com/agreen757/tm-tui/internal/ui/create_prd.go:492.16,502.83 5 0
github.com/agreen757/tm-tui/internal/ui/create_prd.go:502.83,504.34 1 0
github.com/agreen757/tm-tui/internal/ui/create_prd.go:504.34,507.6 2 0
github.com/agreen757/tm-tui/internal/ui/create_prd.go:508.5,508.15 1 0
github.com/agreen757/tm-tui/internal/ui/create_prd.go:511.4,511.31 1 0
github.com/agreen757/tm-tui/internal/ui/create_prd.go:515.3,515.32 1 0
github.com/agreen757/tm-tui/internal/ui/create_prd.go:515.32,518.4 2 0
github.com/agreen757/tm-tui/internal/ui/create_prd.go:520.3,520.13 1 0
github.com/agreen757/tm-tui/internal/ui/delete_workflow.go:36.55,37.23 1 0
github.com/agreen757/tm-tui/internal/ui/delete_workflow.go:37.23,40.3 2 0
github.com/agreen757/tm-tui/internal/ui/delete_workflow.go:41.2,42.40 2 0
github.com/agreen757/tm-tui/internal/ui/delete_workflow.go:45.51,47.15 2 0
github.com/agreen757/tm-tui/internal/ui/delete_workflow.go:47.15,49.3 1 0
github.com/agreen757/tm-tui/internal/ui/delete_workflow.go:50.2,56.51 3 0
github.com/agreen757/tm-tui/internal/ui/delete_workflow.go:56.51,57.55 1 0
github.com/agreen757/tm-tui/internal/ui/delete_workflow.go:57.55,59.6 1 0
github.com/agreen757/tm-tui/internal/ui/delete_workflow.go:65.51,66.54 1 0
github.com/agreen757/tm-tui/internal/ui/delete_workflow.go:66.54,68.6 1 0
github.com/agreen757/tm-tui/internal/ui/delete_workflow.go:72.2,74.32 3 0
github.com/agreen757/tm-tui/internal/ui/delete_workflow.go:77.37,79.42 2 0
github.com/agreen757/tm-tui/internal/ui/delete_workflow.go:79.42,81.3 1 0
github.com/agreen757/tm-tui/internal/ui/delete_workflow.go:82.2,104.100 2 0
github.com/agreen757/tm-tui/internal/ui/delete_workflow.go:104.100,105.33 1 0
github.com/agreen757/tm-tui/internal/ui/delete_workflow.go:105.33,107.5 1 0
github.com/agreen757/tm-tui/internal/ui/delete_workflow.go:108.4,111.10 1 0
github.com/agreen757/tm-tui/internal/ui/delete_workflow.go:114.2,115.72 2 0
github.com/agreen757/tm-tui/internal/ui/delete_workflow.go:115.72,116.17 1 0
github.com/agreen757/tm-tui/internal/ui/delete_workflow.go:116.17,119.4 2 0
github.com/agreen757/tm-tui/internal/ui/delete_workflow.go:120.3,120.19 1 0
github.com/agreen757/tm-tui/internal/ui/delete_workflow.go:120.19,121.65 1 0
github.com/agreen757/tm-tui/internal/ui/delete_workflow.go:121.65,123.5 1 0
github.com/agreen757/tm-tui/internal/ui/delete_workflow.go:124.4,124.14 1 0
github.com/agreen757/tm-tui/internal/ui/delete_workflow.go:126.3,126.55 1 0
github.com/agreen757/tm-tui/internal/ui/delete_workflow.go:126.55,129.4 2 0
github.com/agreen757/tm-tui/internal/ui/delete_workflow.go:130.3,130.13 1 0
github.com/agreen757/tm-tui/internal/ui/delete_workflow.go:134.40,135.53 1 0
github.com/agreen757/tm-tui/internal/ui/delete_workflow.go:135.53,137.3 1 0
github.com/agreen757/tm-tui/internal/ui/delete_workflow.go:138.2,139.16 2 0
github.com/agreen757/tm-tui/internal/ui/delete_workflow.go:139.16,142.3 2 0
github.com/agreen757/tm-tui/internal/ui/delete_workflow.go:143.2,144.29 2 0
github.com/agreen757/tm-tui/internal/ui/delete_workflow.go:147.43,149.76 2 0
github.com/agreen757/tm-tui/internal/ui/delete_workflow.go:149.76,151.3 1 0
github.com/agreen757/tm-tui/internal/ui/delete_workflow.go:152.2,155.33 4 0
github.com/agreen757/tm-tui/internal/ui/delete_workflow.go:155.33,157.3 1 0
github.com/agreen757/tm-tui/internal/ui/delete_workflow.go:158.2,158.37 1 0
github.com/agreen757/tm-tui/internal/ui/delete_workflow.go:158.37,159.46 1 0
github.com/agreen757/tm-tui/internal/ui/delete_workflow.go:159.46,161.4 1 0
github.com/agreen757/tm-tui/internal/ui/delete_workflow.go:163.2,165.33 3 0
github.com/agreen757/tm-tui/internal/ui/delete_workflow.go:165.33,170.52 1 0
github.com/agreen757/tm-tui/internal/ui/delete_workflow.go:170.52,171.56 1 0
github.com/agreen757/tm-tui/internal/ui/delete_workflow.go:171.56,173.7 1 0
github.com/agreen757/tm-tui/internal/ui/delete_workflow.go:177.8,182.52 1 0
github.com/agreen757/tm-tui/internal/ui/delete_workflow.go:182.52,183.56 1 0
github.com/agreen757/tm-tui/internal/ui/delete_workflow.go:183.56,185.7 1 0
github.com/agreen757/tm-tui/internal/ui/delete_workflow.go:190.2,193.50 1 0
github.com/agreen757/tm-tui/internal/ui/delete_workflow.go:193.50,194.53 1 0
github.com/agreen757/tm-tui/internal/ui/delete_workflow.go:194.53,196.5 1 0
github.com/agreen757/tm-tui/internal/ui/delete_workflow.go:199.2,201.32 3 0
github.com/agreen757/tm-tui/internal/ui/delete_workflow.go:204.41,205.53 1 0
github.com/agreen757/tm-tui/internal/ui/delete_workflow.go:205.53,207.3 1 0
github.com/agreen757/tm-tui/internal/ui/delete_workflow.go:208.2,210.16 3 0
github.com/agreen757/tm-tui/internal/ui/delete_workflow.go:210.16,213.3 2 0
github.com/agreen757/tm-tui/internal/ui/delete_workflow.go:214.2,215.42 2 0
github.com/agreen757/tm-tui/internal/ui/delete_workflow.go:215.42,217.3 1 0
github.com/agreen757/tm-tui/internal/ui/delete_workflow.go:218.2,219.24 2 0
github.com/agreen757/tm-tui/internal/ui/delete_workflow.go:219.24,221.3 1 0
github.com/agreen757/tm-tui/internal/ui/delete_workflow.go:222.2,222.12 1 0
github.com/agreen757/tm-tui/internal/ui/delete_workflow.go:225.69,227.31 2 0
github.com/agreen757/tm-tui/internal/ui/delete_workflow.go:227.31,230.3 2 0
github.com/agreen757/tm-tui/internal/ui/delete_workflow.go:231.2,236.51 2 0
github.com/agreen757/tm-tui/internal/ui/delete_workflow.go:236.51,237.55 1 0
github.com/agreen757/tm-tui/internal/ui/delete_workflow.go:237.55,239.6 1 0
github.com/agreen757/tm-tui/internal/ui/delete_workflow.go:245.51,246.54 1 0
github.com/agreen757/tm-tui/internal/ui/delete_workflow.go:246.54,248.6 1 0
github.com/agreen757/tm-tui/internal/ui/delete_workflow.go:252.2,256.54 5 0
github.com/agreen757/tm-tui/internal/ui/delete_workflow.go:266.63,268.20 2 0
github.com/agreen757/tm-tui/internal/ui/delete_workflow.go:268.20,270.3 1 0
github.com/agreen757/tm-tui/internal/ui/delete_workflow.go:271.2,275.3 1 0
github.com/agreen757/tm-tui/internal/ui/delete_workflow.go:278.38,278.52 1 0
github.com/agreen757/tm-tui/internal/ui/delete_workflow.go:280.74,281.25 1 0
github.com/agreen757/tm-tui/internal/ui/delete_workflow.go:282.19,283.31 1 0
github.com/agreen757/tm-tui/internal/ui/delete_workflow.go:283.31,285.4 1 0
github.com/agreen757/tm-tui/internal/ui/delete_workflow.go:286.22,287.31 1 0
github.com/agreen757/tm-tui/internal/ui/delete_workflow.go:287.31,289.4 1 0
github.com/agreen757/tm-tui/internal/ui/delete_workflow.go:291.2,291.15 1 0
github.com/agreen757/tm-tui/internal/ui/delete_workflow.go:294.54,296.14 2 0
github.com/agreen757/tm-tui/internal/ui/delete_workflow.go:296.14,298.3 1 0
github.com/agreen757/tm-tui/internal/ui/delete_workflow.go:299.2,301.27 3 0
github.com/agreen757/tm-tui/internal/ui/delete_workflow.go:304.53,304.67 1 0
github.com/agreen757/tm-tui/internal/ui/delete_workflow.go:306.75,308.16 2 0
github.com/agreen757/tm-tui/internal/ui/delete_workflow.go:309.29,310.31 1 0
github.com/agreen757/tm-tui/internal/ui/delete_workflow.go:310.31,313.4 2 0
github.com/agreen757/tm-tui/internal/ui/delete_workflow.go:314.3,314.25 1 0
github.com/agreen757/tm-tui/internal/ui/delete_workflow.go:315.29,316.21 1 0
github.com/agreen757/tm-tui/internal/ui/delete_workflow.go:317.18,318.28 1 0
github.com/agreen757/tm-tui/internal/ui/delete_workflow.go:319.17,321.14 2 0
github.com/agreen757/tm-tui/internal/ui/delete_workflow.go:322.11,323.26 1 0
github.com/agreen757/tm-tui/internal/ui/delete_workflow.go:325.20,326.27 1 0
github.com/agreen757/tm-tui/internal/ui/delete_workflow.go:326.27,327.58 1 0
github.com/agreen757/tm-tui/internal/ui/delete_workflow.go:327.58,329.5 1 0
github.com/agreen757/tm-tui/internal/ui/delete_workflow.go:330.4,330.28 1 0
github.com/agreen757/tm-tui/internal/ui/delete_workflow.go:332.3,332.22 1 0
github.com/agreen757/tm-tui/internal/ui/delete_workflow.go:333.28,335.30 2 0
github.com/agreen757/tm-tui/internal/ui/delete_workflow.go:335.30,337.79 1 0
github.com/agreen757/tm-tui/internal/ui/delete_workflow.go:337.79,340.54 2 0
github.com/agreen757/tm-tui/internal/ui/delete_workflow.go:340.54,345.6 3 0
github.com/agreen757/tm-tui/internal/ui/delete_workflow.go:347.5,353.15 5 0
github.com/agreen757/tm-tui/internal/ui/delete_workflow.go:354.10,356.5 1 0
github.com/agreen757/tm-tui/internal/ui/delete_workflow.go:359.3,361.25 3 0
github.com/agreen757/tm-tui/internal/ui/delete_workflow.go:362.32,363.30 1 0
github.com/agreen757/tm-tui/internal/ui/delete_workflow.go:363.30,365.66 1 0
github.com/agreen757/tm-tui/internal/ui/delete_workflow.go:365.66,370.29 2 0
github.com/agreen757/tm-tui/internal/ui/delete_workflow.go:370.29,375.6 3 0
github.com/agreen757/tm-tui/internal/ui/delete_workflow.go:378.5,378.51 1 0
github.com/agreen757/tm-tui/internal/ui/delete_workflow.go:378.51,391.6 8 0
github.com/agreen757/tm-tui/internal/ui/delete_workflow.go:394.5,394.42 1 0
github.com/agreen757/tm-tui/internal/ui/delete_workflow.go:394.42,399.51 3 0
github.com/agreen757/tm-tui/internal/ui/delete_workflow.go:399.51,402.7 1 0
github.com/agreen757/tm-tui/internal/ui/delete_workflow.go:404.6,408.37 3 0
github.com/agreen757/tm-tui/internal/ui/delete_workflow.go:408.37,410.7 1 0
github.com/agreen757/tm-tui/internal/ui/delete_workflow.go:413.6,413.61 1 0
github.com/agreen757/tm-tui/internal/ui/delete_workflow.go:416.5,417.15 2 0
github.com/agreen757/tm-tui/internal/ui/delete_workflow.go:421.3,427.25 7 0
github.com/agreen757/tm-tui/internal/ui/delete_workflow.go:428.37,430.30 1 0
github.com/agreen757/tm-tui/internal/ui/delete_workflow.go:430.30,435.4 4 0
github.com/agreen757/tm-tui/internal/ui/delete_workflow.go:437.3,437.30 1 0
github.com/agreen757/tm-tui/internal/ui/delete_workflow.go:437.30,440.20 2 0
github.com/agreen757/tm-tui/internal/ui/delete_workflow.go:440.20,445.5 4 0
github.com/agreen757/tm-tui/internal/ui/delete_workflow.go:448.4,449.11 2 0
github.com/agreen757/tm-tui/internal/ui/delete_workflow.go:449.11,454.5 4 0
github.com/agreen757/tm-tui/internal/ui/delete_workflow.go:457.4,460.39 2 0
github.com/agreen757/tm-tui/internal/ui/delete_workflow.go:460.39,462.5 1 0
github.com/agreen757/tm-tui/internal/ui/delete_workflow.go:463.4,475.34 5 0
github.com/agreen757/tm-tui/internal/ui/delete_workflow.go:475.34,477.5 1 0
github.com/agreen757/tm-tui/internal/ui/delete_workflow.go:477.10,481.49 2 0
github.com/agreen757/tm-tui/internal/ui/delete_workflow.go:481.49,483.6 1 0
github.com/agreen757/tm-tui/internal/ui/delete_workflow.go:486.5,486.77 1 0
github.com/agreen757/tm-tui/internal/ui/delete_workflow.go:488.9,488.34 1 0
github.com/agreen757/tm-tui/internal/ui/delete_workflow.go:488.34,491.20 2 0
github.com/agreen757/tm-tui/internal/ui/delete_workflow.go:491.20,497.5 5 0
github.com/agreen757/tm-tui/internal/ui/delete_workflow.go:500.4,509.34 4 0
github.com/agreen757/tm-tui/internal/ui/delete_workflow.go:509.34,511.5 1 0
github.com/agreen757/tm-tui/internal/ui/delete_workflow.go:511.10,511.52 1 0
github.com/agreen757/tm-tui/internal/ui/delete_workflow.go:511.52,514.49 2 0
github.com/agreen757/tm-tui/internal/ui/delete_workflow.go:514.49,515.54 1 0
github.com/agreen757/tm-tui/internal/ui/delete_workflow.go:515.54,517.7 1 0
github.com/agreen757/tm-tui/internal/ui/delete_workflow.go:520.5,520.25 1 0
github.com/agreen757/tm-tui/internal/ui/delete_workflow.go:520.25,523.37 2 0
github.com/agreen757/tm-tui/internal/ui/delete_workflow.go:523.37,525.7 1 0
github.com/agreen757/tm-tui/internal/ui/delete_workflow.go:526.6,526.61 1 0
github.com/agreen757/tm-tui/internal/ui/delete_workflow.go:530.5,532.15 3 0
github.com/agreen757/tm-tui/internal/ui/delete_workflow.go:533.10,538.5 3 0
github.com/agreen757/tm-tui/internal/ui/delete_workflow.go:539.9,539.36 1 0
github.com/agreen757/tm-tui/internal/ui/delete_workflow.go:539.36,548.4 3 0
github.com/agreen757/tm-tui/internal/ui/delete_workflow.go:548.9,554.4 4 0
github.com/agreen757/tm-tui/internal/ui/delete_workflow.go:555.29,556.30 1 0
github.com/agreen757/tm-tui/internal/ui/delete_workflow.go:556.30,557.64 1 0
github.com/agreen757/tm-tui/internal/ui/delete_workflow.go:557.64,559.5 1 0
github.com/agreen757/tm-tui/internal/ui/delete_workflow.go:563.2,563.12 1 0
github.com/agreen757/tm-tui/internal/ui/delete_workflow.go:566.54,567.44 1 0
github.com/agreen757/tm-tui/internal/ui/delete_workflow.go:567.44,570.3 2 0
github.com/agreen757/tm-tui/internal/ui/delete_workflow.go:571.2,571.81 1 0
github.com/agreen757/tm-tui/internal/ui/delete_workflow.go:571.81,573.3 1 0
github.com/agreen757/tm-tui/internal/ui/delete_workflow.go:573.8,575.3 1 0
github.com/agreen757/tm-tui/internal/ui/delete_workflow.go:576.2,577.12 2 0
github.com/agreen757/tm-tui/internal/ui/delete_workflow.go:580.57,581.98 1 0
github.com/agreen757/tm-tui/internal/ui/delete_workflow.go:581.98,583.3 1 0
github.com/agreen757/tm-tui/internal/ui/delete_workflow.go:584.2,585.72 2 0
github.com/agreen757/tm-tui/internal/ui/delete_workflow.go:588.55,589.98 1 0
github.com/agreen757/tm-tui/internal/ui/delete_workflow.go:589.98,591.3 1 0
github.com/agreen757/tm-tui/internal/ui/delete_workflow.go:592.2,594.23 3 0
github.com/agreen757/tm-tui/internal/ui/delete_workflow.go:594.23,596.3 1 0
github.com/agreen757/tm-tui/internal/ui/delete_workflow.go:601.64,603.23 1 0
github.com/agreen757/tm-tui/internal/ui/delete_workflow.go:603.23,605.3 1 0
github.com/agreen757/tm-tui/internal/ui/delete_workflow.go:608.2,608.39 1 0
github.com/agreen757/tm-tui/internal/ui/delete_workflow.go:608.39,610.3 1 0
github.com/agreen757/tm-tui/internal/ui/delete_workflow.go:612.2,612.11 1 0
github.com/agreen757/tm-tui/internal/ui/delete_workflow.go:617.63,619.19 1 0
github.com/agreen757/tm-tui/internal/ui/delete_workflow.go:619.19,621.3 1 0
github.com/agreen757/tm-tui/internal/ui/delete_workflow.go:623.2,623.11 1 0
github.com/agreen757/tm-tui/internal/ui/delete_workflow.go:628.67,629.26 1 0
github.com/agreen757/tm-tui/internal/ui/delete_workflow.go:629.26,632.3 1 0
github.com/agreen757/tm-tui/internal/ui/delete_workflow.go:634.2,635.9 2 0
github.com/agreen757/tm-tui/internal/ui/delete_workflow.go:635.9,638.3 1 0
github.com/agreen757/tm-tui/internal/ui/delete_workflow.go:641.2,642.29 2 0
github.com/agreen757/tm-tui/internal/ui/delete_workflow.go:642.29,644.3 1 0
github.com/agreen757/tm-tui/internal/ui/delete_workflow.go:646.2,646.33 1 0
github.com/agreen757/tm-tui/internal/ui/delete_workflow.go:646.33,648.28 2 0
github.com/agreen757/tm-tui/internal/ui/delete_workflow.go:648.28,649.12 1 0
github.com/agreen757/tm-tui/internal/ui/delete_workflow.go:653.3,653.43 1 0
github.com/agreen757/tm-tui/internal/ui/delete_workflow.go:653.43,655.28 1 0
github.com/agreen757/tm-tui/internal/ui/delete_workflow.go:655.28,656.13 1 0
github.com/agreen757/tm-tui/internal/ui/delete_workflow.go:660.4,661.35 2 0
github.com/agreen757/tm-tui/internal/ui/delete_workflow.go:661.35,663.13 1 0
github.com/agreen757/tm-tui/internal/ui/delete_workflow.go:667.4,667.47 1 0
github.com/agreen757/tm-tui/internal/ui/delete_workflow.go:667.47,669.5 1 0
github.com/agreen757/tm-tui/internal/ui/delete_workflow.go:673.2,673.11 1 0
github.com/agreen757/tm-tui/internal/ui/delete_workflow.go:679.68,681.62 1 0
github.com/agreen757/tm-tui/internal/ui/delete_workflow.go:681.62,684.3 2 0
github.com/agreen757/tm-tui/internal/ui/delete_workflow.go:687.2,687.65 1 0
github.com/agreen757/tm-tui/internal/ui/delete_workflow.go:687.65,690.3 2 0
github.com/agreen757/tm-tui/internal/ui/delete_workflow.go:692.2,692.13 1 0
github.com/agreen757/tm-tui/internal/ui/delete_workflow.go:698.61,700.63 1 0
github.com/agreen757/tm-tui/internal/ui/delete_workflow.go:700.63,703.3 2 0
github.com/agreen757/tm-tui/internal/ui/delete_workflow.go:705.2,705.13 1 0
github.com/agreen757/tm-tui/internal/ui/error_dialog.go:18.86,25.2 1 0
github.com/agreen757/tm-tui/internal/ui/error_dialog.go:28.42,30.2 1 0
github.com/agreen757/tm-tui/internal/ui/error_dialog.go:33.69,34.27 1 0
github.com/agreen757/tm-tui/internal/ui/error_dialog.go:35.18,36.23 1 0
github.com/agreen757/tm-tui/internal/ui/error_dialog.go:37.28,39.22 2 0
github.com/agreen757/tm-tui/internal/ui/error_dialog.go:42.25,44.24 2 0
github.com/agreen757/tm-tui/internal/ui/error_dialog.go:47.2,47.15 1 0
github.com/agreen757/tm-tui/internal/ui/error_dialog.go:51.41,107.2 12 0
github.com/agreen757/tm-tui/internal/ui/error_dialog.go:110.39,112.2 1 0
github.com/agreen757/tm-tui/internal/ui/error_types.go:34.93,42.2 1 0
github.com/agreen757/tm-tui/internal/ui/error_types.go:45.68,53.2 3 0
github.com/agreen757/tm-tui/internal/ui/error_types.go:56.73,64.2 3 0
github.com/agreen757/tm-tui/internal/ui/error_types.go:67.75,75.2 3 0
github.com/agreen757/tm-tui/internal/ui/error_types.go:78.76,85.2 3 0
github.com/agreen757/tm-tui/internal/ui/error_types.go:88.76,96.2 3 0
github.com/agreen757/tm-tui/internal/ui/error_types.go:99.58,102.2 2 0
github.com/agreen757/tm-tui/internal/ui/error_types.go:105.65,108.2 2 0
github.com/agreen757/tm-tui/internal/ui/error_types.go:111.35,112.25 1 0
github.com/agreen757/tm-tui/internal/ui/error_types.go:112.25,114.3 1 0
github.com/agreen757/tm-tui/internal/ui/error_types.go:115.2,115.50 1 0
github.com/agreen757/tm-tui/internal/ui/error_types.go:119.47,120.21 1 0
github.com/agreen757/tm-tui/internal/ui/error_types.go:120.21,122.3 1 0
github.com/agreen757/tm-tui/internal/ui/error_types.go:123.2,123.18 1 0
github.com/agreen757/tm-tui/internal/ui/error_types.go:127.48,128.31 1 0
github.com/agreen757/tm-tui/internal/ui/error_types.go:128.31,130.3 1 0
github.com/agreen757/tm-tui/internal/ui/error_types.go:131.2,132.39 2 0
github.com/agreen757/tm-tui/internal/ui/error_types.go:132.39,134.3 1 0
github.com/agreen757/tm-tui/internal/ui/error_types.go:135.2,135.12 1 0
github.com/agreen757/tm-tui/internal/ui/expansion.go:15.44,17.15 2 0
github.com/agreen757/tm-tui/internal/ui/expansion.go:17.15,19.3 1 0
github.com/agreen757/tm-tui/internal/ui/expansion.go:22.2,23.16 2 0
github.com/agreen757/tm-tui/internal/ui/expansion.go:23.16,26.3 2 0
github.com/agreen757/tm-tui/internal/ui/expansion.go:29.2,29.79 1 0
github.com/agreen757/tm-tui/internal/ui/expansion.go:29.79,30.17 1 0
github.com/agreen757/tm-tui/internal/ui/expansion.go:30.17,31.26 1 0
github.com/agreen757/tm-tui/internal/ui/expansion.go:31.26,33.5 1 0
github.com/agreen757/tm-tui/internal/ui/expansion.go:36.3,36.19 1 0
github.com/agreen757/tm-tui/internal/ui/expansion.go:36.19,38.4 1 0
github.com/agreen757/tm-tui/internal/ui/expansion.go:40.3,41.10 2 0
github.com/agreen757/tm-tui/internal/ui/expansion.go:41.10,42.26 1 0
github.com/agreen757/tm-tui/internal/ui/expansion.go:42.26,44.5 1 0
github.com/agreen757/tm-tui/internal/ui/expansion.go:48.3,48.25 1 0
github.com/agreen757/tm-tui/internal/ui/expansion.go:48.25,55.4 1 0
github.com/agreen757/tm-tui/internal/ui/expansion.go:60.85,62.15 2 0
github.com/agreen757/tm-tui/internal/ui/expansion.go:62.15,64.3 1 0
github.com/agreen757/tm-tui/internal/ui/expansion.go:67.2,75.82 5 0
github.com/agreen757/tm-tui/internal/ui/expansion.go:75.82,76.17 1 0
github.com/agreen757/tm-tui/internal/ui/expansion.go:76.17,77.26 1 0
github.com/agreen757/tm-tui/internal/ui/expansion.go:77.26,79.5 1 0
github.com/agreen757/tm-tui/internal/ui/expansion.go:83.3,83.19 1 0
github.com/agreen757/tm-tui/internal/ui/expansion.go:83.19,86.4 2 0
github.com/agreen757/tm-tui/internal/ui/expansion.go:88.3,88.13 1 0
github.com/agreen757/tm-tui/internal/ui/expansion.go:91.2,98.4 2 0
github.com/agreen757/tm-tui/internal/ui/expansion.go:102.126,103.30 1 0
github.com/agreen757/tm-tui/internal/ui/expansion.go:103.30,106.3 2 0
github.com/agreen757/tm-tui/internal/ui/expansion.go:108.2,114.12 5 0
github.com/agreen757/tm-tui/internal/ui/expansion.go:114.12,125.47 2 0
github.com/agreen757/tm-tui/internal/ui/expansion.go:125.47,135.12 2 0
github.com/agreen757/tm-tui/internal/ui/expansion.go:136.28,136.28 0 0
github.com/agreen757/tm-tui/internal/ui/expansion.go:137.23,137.23 0 0
github.com/agreen757/tm-tui/internal/ui/expansion.go:143.3,144.17 2 0
github.com/agreen757/tm-tui/internal/ui/expansion.go:144.17,148.4 1 0
github.com/agreen757/tm-tui/internal/ui/expansion.go:150.3,150.10 1 0
github.com/agreen757/tm-tui/internal/ui/expansion.go:151.36,151.36 0 0
github.com/agreen757/tm-tui/internal/ui/expansion.go:152.21,152.21 0 0
github.com/agreen757/tm-tui/internal/ui/expansion.go:156.2,156.37 1 0
github.com/agreen757/tm-tui/internal/ui/expansion.go:160.75,162.40 1 0
github.com/agreen757/tm-tui/internal/ui/expansion.go:162.40,163.78 1 0
github.com/agreen757/tm-tui/internal/ui/expansion.go:163.78,164.61 1 0
github.com/agreen757/tm-tui/internal/ui/expansion.go:164.61,177.5 2 0
github.com/agreen757/tm-tui/internal/ui/expansion.go:181.2,181.37 1 0
github.com/agreen757/tm-tui/internal/ui/expansion.go:185.77,189.15 2 0
github.com/agreen757/tm-tui/internal/ui/expansion.go:189.15,191.3 1 0
github.com/agreen757/tm-tui/internal/ui/expansion.go:193.2,196.22 2 0
github.com/agreen757/tm-tui/internal/ui/expansion.go:196.22,197.45 1 0
github.com/agreen757/tm-tui/internal/ui/expansion.go:197.45,200.4 2 0
github.com/agreen757/tm-tui/internal/ui/expansion.go:201.3,202.13 2 0
github.com/agreen757/tm-tui/internal/ui/expansion.go:206.2,211.36 4 0
github.com/agreen757/tm-tui/internal/ui/expansion.go:215.52,217.15 2 0
github.com/agreen757/tm-tui/internal/ui/expansion.go:217.15,219.3 1 0
github.com/agreen757/tm-tui/internal/ui/expansion.go:221.2,221.24 1 0
github.com/agreen757/tm-tui/internal/ui/expansion.go:221.24,222.26 1 0
github.com/agreen757/tm-tui/internal/ui/expansion.go:222.26,224.4 1 0
github.com/agreen757/tm-tui/internal/ui/expansion.go:225.3,225.36 1 0
github.com/agreen757/tm-tui/internal/ui/expansion.go:230.35,231.30 1 0
github.com/agreen757/tm-tui/internal/ui/expansion.go:231.30,234.3 2 0
github.com/agreen757/tm-tui/internal/ui/expansion.go:238.46,245.2 6 0
github.com/agreen757/tm-tui/internal/ui/helpview.go:11.43,26.18 7 0
github.com/agreen757/tm-tui/internal/ui/helpview.go:26.18,28.3 1 0
github.com/agreen757/tm-tui/internal/ui/helpview.go:28.8,28.25 1 0
github.com/agreen757/tm-tui/internal/ui/helpview.go:28.25,30.3 1 0
github.com/agreen757/tm-tui/internal/ui/helpview.go:30.8,32.3 1 0
github.com/agreen757/tm-tui/internal/ui/helpview.go:35.2,144.42 70 0
github.com/agreen757/tm-tui/internal/ui/helpview.go:148.77,168.2 5 0
github.com/agreen757/tm-tui/internal/ui/helpview.go:171.93,202.2 11 0
github.com/agreen757/tm-tui/internal/ui/keymap.go:92.29,327.2 1 1
github.com/agreen757/tm-tui/internal/ui/keymap.go:330.43,335.45 2 0
github.com/agreen757/tm-tui/internal/ui/keymap.go:335.45,337.3 1 0
github.com/agreen757/tm-tui/internal/ui/keymap.go:340.2,340.49 1 0
github.com/agreen757/tm-tui/internal/ui/keymap.go:340.49,341.56 1 0
github.com/agreen757/tm-tui/internal/ui/keymap.go:341.56,343.4 1 0
github.com/agreen757/tm-tui/internal/ui/keymap.go:344.3,344.20 1 0
github.com/agreen757/tm-tui/internal/ui/keymap.go:348.2,348.51 1 0
github.com/agreen757/tm-tui/internal/ui/keymap.go:348.51,353.3 1 0
github.com/agreen757/tm-tui/internal/ui/keymap.go:355.2,355.51 1 0
github.com/agreen757/tm-tui/internal/ui/keymap.go:355.51,360.3 1 0
github.com/agreen757/tm-tui/internal/ui/keymap.go:362.2,362.51 1 0
github.com/agreen757/tm-tui/internal/ui/keymap.go:362.51,367.3 1 0
github.com/agreen757/tm-tui/internal/ui/keymap.go:369.2,369.60 1 0
github.com/agreen757/tm-tui/internal/ui/keymap.go:369.60,374.3 1 0
github.com/agreen757/tm-tui/internal/ui/keymap.go:376.2,376.61 1 0
github.com/agreen757/tm-tui/internal/ui/keymap.go:376.61,381.3 1 0
github.com/agreen757/tm-tui/internal/ui/keymap.go:383.2,383.60 1 0
github.com/agreen757/tm-tui/internal/ui/keymap.go:383.60,388.3 1 0
github.com/agreen757/tm-tui/internal/ui/keymap.go:390.2,390.69 1 0
github.com/agreen757/tm-tui/internal/ui/keymap.go:390.69,395.3 1 0
github.com/agreen757/tm-tui/internal/ui/keymap.go:397.2,397.51 1 0
github.com/agreen757/tm-tui/internal/ui/keymap.go:397.51,402.3 1 0
github.com/agreen757/tm-tui/internal/ui/keymap.go:404.2,404.60 1 0
github.com/agreen757/tm-tui/internal/ui/keymap.go:404.60,409.3 1 0
github.com/agreen757/tm-tui/internal/ui/keymap.go:411.2,411.66 1 0
github.com/agreen757/tm-tui/internal/ui/keymap.go:411.66,416.3 1 0
github.com/agreen757/tm-tui/internal/ui/keymap.go:418.2,418.72 1 0
github.com/agreen757/tm-tui/internal/ui/keymap.go:418.72,423.3 1 0
github.com/agreen757/tm-tui/internal/ui/keymap.go:425.2,425.61 1 0
github.com/agreen757/tm-tui/internal/ui/keymap.go:425.61,430.3 1 0
github.com/agreen757/tm-tui/internal/ui/keymap.go:432.2,432.76 1 0
github.com/agreen757/tm-tui/internal/ui/keymap.go:432.76,437.3 1 0
github.com/agreen757/tm-tui/internal/ui/keymap.go:439.2,439.65 1 0
github.com/agreen757/tm-tui/internal/ui/keymap.go:439.65,444.3 1 0
github.com/agreen757/tm-tui/internal/ui/keymap.go:446.2,446.65 1 0
github.com/agreen757/tm-tui/internal/ui/keymap.go:446.65,451.3 1 0
github.com/agreen757/tm-tui/internal/ui/keymap.go:453.2,453.64 1 0
github.com/agreen757/tm-tui/internal/ui/keymap.go:453.64,458.3 1 0
github.com/agreen757/tm-tui/internal/ui/keymap.go:460.2,460.66 1 0
github.com/agreen757/tm-tui/internal/ui/keymap.go:460.66,467.3 2 0
github.com/agreen757/tm-tui/internal/ui/keymap.go:469.2,469.77 1 0
github.com/agreen757/tm-tui/internal/ui/keymap.go:469.77,474.3 1 0
github.com/agreen757/tm-tui/internal/ui/keymap.go:476.2,476.68 1 0
github.com/agreen757/tm-tui/internal/ui/keymap.go:476.68,481.3 1 0
github.com/agreen757/tm-tui/internal/ui/keymap.go:483.2,483.82 1 0
github.com/agreen757/tm-tui/internal/ui/keymap.go:483.82,488.3 1 0
github.com/agreen757/tm-tui/internal/ui/keymap.go:490.2,490.84 1 0
github.com/agreen757/tm-tui/internal/ui/keymap.go:490.84,495.3 1 0
github.com/agreen757/tm-tui/internal/ui/keymap.go:497.2,497.74 1 0
github.com/agreen757/tm-tui/internal/ui/keymap.go:497.74,502.3 1 0
github.com/agreen757/tm-tui/internal/ui/keymap.go:504.2,504.60 1 0
github.com/agreen757/tm-tui/internal/ui/keymap.go:504.60,509.3 1 0
github.com/agreen757/tm-tui/internal/ui/keymap.go:511.2,511.74 1 0
github.com/agreen757/tm-tui/internal/ui/keymap.go:511.74,516.3 1 0
github.com/agreen757/tm-tui/internal/ui/keymap.go:518.2,518.11 1 0
github.com/agreen757/tm-tui/internal/ui/keymap.go:522.43,524.2 1 0
github.com/agreen757/tm-tui/internal/ui/keymap.go:527.44,543.2 1 0
github.com/agreen757/tm-tui/internal/ui/layout.go:50.51,60.24 3 0
github.com/agreen757/tm-tui/internal/ui/layout.go:60.24,62.3 1 0
github.com/agreen757/tm-tui/internal/ui/layout.go:68.2,69.20 2 0
github.com/agreen757/tm-tui/internal/ui/layout.go:69.20,77.20 3 0
github.com/agreen757/tm-tui/internal/ui/layout.go:77.20,79.4 1 0
github.com/agreen757/tm-tui/internal/ui/layout.go:84.2,85.20 2 0
github.com/agreen757/tm-tui/internal/ui/layout.go:85.20,87.3 1 0
github.com/agreen757/tm-tui/internal/ui/layout.go:90.2,93.25 3 0
github.com/agreen757/tm-tui/internal/ui/layout.go:93.25,96.3 2 0
github.com/agreen757/tm-tui/internal/ui/layout.go:96.8,98.36 1 0
github.com/agreen757/tm-tui/internal/ui/layout.go:98.36,100.4 1 0
github.com/agreen757/tm-tui/internal/ui/layout.go:101.3,101.35 1 0
github.com/agreen757/tm-tui/internal/ui/layout.go:101.35,103.4 1 0
github.com/agreen757/tm-tui/internal/ui/layout.go:106.3,106.43 1 0
github.com/agreen757/tm-tui/internal/ui/layout.go:106.43,109.4 2 0
github.com/agreen757/tm-tui/internal/ui/layout.go:112.2,122.34 9 0
github.com/agreen757/tm-tui/internal/ui/layout.go:122.34,124.3 1 0
github.com/agreen757/tm-tui/internal/ui/layout.go:125.2,125.19 1 0
github.com/agreen757/tm-tui/internal/ui/layout.go:125.19,127.3 1 0
github.com/agreen757/tm-tui/internal/ui/layout.go:128.2,131.15 3 0
github.com/agreen757/tm-tui/internal/ui/layout.go:136.54,137.27 1 0
github.com/agreen757/tm-tui/internal/ui/layout.go:137.27,139.3 1 0
github.com/agreen757/tm-tui/internal/ui/layout.go:141.2,142.19 2 0
github.com/agreen757/tm-tui/internal/ui/layout.go:142.19,144.3 1 0
github.com/agreen757/tm-tui/internal/ui/layout.go:145.2,145.38 1 0
github.com/agreen757/tm-tui/internal/ui/layout.go:151.38,157.49 3 0
github.com/agreen757/tm-tui/internal/ui/layout.go:157.49,159.3 1 0
github.com/agreen757/tm-tui/internal/ui/layout.go:162.2,162.20 1 0
github.com/agreen757/tm-tui/internal/ui/layout.go:162.20,164.3 1 0
github.com/agreen757/tm-tui/internal/ui/layout.go:164.8,164.26 1 0
github.com/agreen757/tm-tui/internal/ui/layout.go:164.26,166.3 1 0
github.com/agreen757/tm-tui/internal/ui/layout.go:166.8,168.3 1 0
github.com/agreen757/tm-tui/internal/ui/layout.go:173.89,186.44 5 0
github.com/agreen757/tm-tui/internal/ui/layout.go:186.44,188.26 2 0
github.com/agreen757/tm-tui/internal/ui/layout.go:188.26,194.4 2 0
github.com/agreen757/tm-tui/internal/ui/layout.go:198.2,214.22 5 0
github.com/agreen757/tm-tui/internal/ui/layout.go:214.22,220.3 1 0
github.com/agreen757/tm-tui/internal/ui/layout.go:223.2,238.42 3 0
github.com/agreen757/tm-tui/internal/ui/layout.go:243.91,252.44 4 0
github.com/agreen757/tm-tui/internal/ui/layout.go:252.44,254.26 2 0
github.com/agreen757/tm-tui/internal/ui/layout.go:254.26,256.4 1 0
github.com/agreen757/tm-tui/internal/ui/layout.go:260.2,271.25 4 0
github.com/agreen757/tm-tui/internal/ui/layout.go:271.25,277.3 1 0
github.com/agreen757/tm-tui/internal/ui/layout.go:280.2,297.42 3 0
github.com/agreen757/tm-tui/internal/ui/layout.go:302.74,312.44 5 0
github.com/agreen757/tm-tui/internal/ui/layout.go:312.44,314.26 2 0
github.com/agreen757/tm-tui/internal/ui/layout.go:314.26,319.4 3 0
github.com/agreen757/tm-tui/internal/ui/layout.go:323.2,333.25 3 0
github.com/agreen757/tm-tui/internal/ui/layout.go:333.25,339.3 1 0
github.com/agreen757/tm-tui/internal/ui/layout.go:342.2,356.42 3 0
github.com/agreen757/tm-tui/internal/ui/layout.go:359.45,361.77 2 0
github.com/agreen757/tm-tui/internal/ui/layout.go:361.77,363.3 1 0
github.com/agreen757/tm-tui/internal/ui/layout.go:363.8,363.80 1 0
github.com/agreen757/tm-tui/internal/ui/layout.go:363.80,365.3 1 0
github.com/agreen757/tm-tui/internal/ui/layout.go:366.2,367.21 2 0
github.com/agreen757/tm-tui/internal/ui/layout.go:367.21,369.3 1 0
github.com/agreen757/tm-tui/internal/ui/layout.go:370.2,370.29 1 0
github.com/agreen757/tm-tui/internal/ui/layout.go:370.29,372.3 1 0
github.com/agreen757/tm-tui/internal/ui/layout.go:373.2,373.16 1 0
github.com/agreen757/tm-tui/internal/ui/layout.go:373.16,375.3 1 0
github.com/agreen757/tm-tui/internal/ui/layout.go:376.2,376.15 1 0
github.com/agreen757/tm-tui/internal/ui/layout.go:376.15,378.3 1 0
github.com/agreen757/tm-tui/internal/ui/layout.go:379.2,379.40 1 0
github.com/agreen757/tm-tui/internal/ui/layout.go:383.39,384.21 1 0
github.com/agreen757/tm-tui/internal/ui/layout.go:384.21,386.3 1 0
github.com/agreen757/tm-tui/internal/ui/layout.go:388.2,388.27 1 0
github.com/agreen757/tm-tui/internal/ui/layout.go:388.27,393.3 1 0
github.com/agreen757/tm-tui/internal/ui/layout.go:395.2,396.25 2 0
github.com/agreen757/tm-tui/internal/ui/layout.go:396.25,398.3 1 0
github.com/agreen757/tm-tui/internal/ui/layout.go:401.2,402.20 2 0
github.com/agreen757/tm-tui/internal/ui/layout.go:402.20,404.3 1 0
github.com/agreen757/tm-tui/internal/ui/layout.go:407.2,407.24 1 0
github.com/agreen757/tm-tui/internal/ui/layout.go:407.24,409.24 2 0
github.com/agreen757/tm-tui/internal/ui/layout.go:409.24,411.4 1 0
github.com/agreen757/tm-tui/internal/ui/layout.go:412.3,412.23 1 0
github.com/agreen757/tm-tui/internal/ui/layout.go:412.23,414.4 1 0
github.com/agreen757/tm-tui/internal/ui/layout.go:415.3,415.24 1 0
github.com/agreen757/tm-tui/internal/ui/layout.go:415.24,417.4 1 0
github.com/agreen757/tm-tui/internal/ui/layout.go:418.8,420.3 1 0
github.com/agreen757/tm-tui/internal/ui/layout.go:423.2,425.42 1 0
github.com/agreen757/tm-tui/internal/ui/layout.go:429.41,431.28 1 0
github.com/agreen757/tm-tui/internal/ui/layout.go:431.28,434.3 2 0
github.com/agreen757/tm-tui/internal/ui/layout.go:437.2,437.19 1 0
github.com/agreen757/tm-tui/internal/ui/layout.go:437.19,440.3 2 0
github.com/agreen757/tm-tui/internal/ui/layout.go:443.2,443.18 1 0
github.com/agreen757/tm-tui/internal/ui/layout.go:443.18,449.3 2 0
github.com/agreen757/tm-tui/internal/ui/layout.go:452.2,453.53 2 0
github.com/agreen757/tm-tui/internal/ui/layout.go:453.53,455.3 1 0
github.com/agreen757/tm-tui/internal/ui/layout.go:458.2,459.19 2 0
github.com/agreen757/tm-tui/internal/ui/layout.go:459.19,462.3 2 0
github.com/agreen757/tm-tui/internal/ui/layout.go:464.2,464.59 1 0
github.com/agreen757/tm-tui/internal/ui/layout.go:468.39,476.24 4 0
github.com/agreen757/tm-tui/internal/ui/layout.go:476.24,479.3 2 0
github.com/agreen757/tm-tui/internal/ui/layout.go:482.2,482.20 1 0
github.com/agreen757/tm-tui/internal/ui/layout.go:482.20,486.31 3 0
github.com/agreen757/tm-tui/internal/ui/layout.go:486.31,488.4 1 0
github.com/agreen757/tm-tui/internal/ui/layout.go:492.2,496.32 5 0
github.com/agreen757/tm-tui/internal/ui/layout.go:496.32,498.3 1 0
github.com/agreen757/tm-tui/internal/ui/layout.go:501.2,501.25 1 0
github.com/agreen757/tm-tui/internal/ui/layout.go:501.25,505.22 3 0
github.com/agreen757/tm-tui/internal/ui/layout.go:505.22,507.4 1 0
github.com/agreen757/tm-tui/internal/ui/layout.go:508.3,508.23 1 0
github.com/agreen757/tm-tui/internal/ui/layout.go:508.23,510.4 1 0
github.com/agreen757/tm-tui/internal/ui/layout.go:511.3,511.54 1 0
github.com/agreen757/tm-tui/internal/ui/layout.go:515.2,515.28 1 0
github.com/agreen757/tm-tui/internal/ui/layout.go:520.72,522.15 1 0
github.com/agreen757/tm-tui/internal/ui/layout.go:522.15,524.3 1 0
github.com/agreen757/tm-tui/internal/ui/layout.go:527.2,528.21 2 0
github.com/agreen757/tm-tui/internal/ui/layout.go:528.21,530.3 1 0
github.com/agreen757/tm-tui/internal/ui/layout.go:531.2,531.25 1 0
github.com/agreen757/tm-tui/internal/ui/layout.go:531.25,533.3 1 0
github.com/agreen757/tm-tui/internal/ui/layout.go:536.2,539.12 3 0
github.com/agreen757/tm-tui/internal/ui/messages.go:63.24,64.55 1 0
github.com/agreen757/tm-tui/internal/ui/messages.go:64.55,66.3 1 0
github.com/agreen757/tm-tui/internal/ui/messages.go:70.36,71.60 1 0
github.com/agreen757/tm-tui/internal/ui/messages.go:71.60,73.3 1 0
github.com/agreen757/tm-tui/internal/ui/messages.go:78.54,79.24 1 0
github.com/agreen757/tm-tui/internal/ui/messages.go:79.24,82.3 2 0
github.com/agreen757/tm-tui/internal/ui/messages.go:87.65,88.24 1 0
github.com/agreen757/tm-tui/internal/ui/messages.go:88.24,91.3 2 0
github.com/agreen757/tm-tui/internal/ui/messages.go:95.63,96.24 1 0
github.com/agreen757/tm-tui/internal/ui/messages.go:96.24,101.3 3 0
github.com/agreen757/tm-tui/internal/ui/messages.go:105.61,106.24 1 0
github.com/agreen757/tm-tui/internal/ui/messages.go:106.24,115.3 3 0
github.com/agreen757/tm-tui/internal/ui/messages.go:119.48,120.24 1 0
github.com/agreen757/tm-tui/internal/ui/messages.go:120.24,123.48 2 0
github.com/agreen757/tm-tui/internal/ui/messages.go:123.48,125.4 1 0
github.com/agreen757/tm-tui/internal/ui/messages.go:127.3,129.38 2 0
github.com/agreen757/tm-tui/internal/ui/messages.go:292.41,293.24 1 0
github.com/agreen757/tm-tui/internal/ui/messages.go:293.24,295.3 1 0
github.com/agreen757/tm-tui/internal/ui/messages.go:299.71,300.55 1 0
github.com/agreen757/tm-tui/internal/ui/messages.go:300.55,302.21 2 0
github.com/agreen757/tm-tui/internal/ui/messages.go:302.21,304.4 1 0
github.com/agreen757/tm-tui/internal/ui/messages.go:305.3,305.63 1 0
github.com/agreen757/tm-tui/internal/ui/parse_prd.go:46.50,46.68 1 0
github.com/agreen757/tm-tui/internal/ui/parse_prd.go:47.50,47.74 1 0
github.com/agreen757/tm-tui/internal/ui/parse_prd.go:48.50,48.68 1 0
github.com/agreen757/tm-tui/internal/ui/parse_prd.go:50.48,52.15 2 0
github.com/agreen757/tm-tui/internal/ui/parse_prd.go:52.15,54.3 1 0
github.com/agreen757/tm-tui/internal/ui/parse_prd.go:56.2,58.21 3 0
github.com/agreen757/tm-tui/internal/ui/parse_prd.go:58.21,60.3 1 0
github.com/agreen757/tm-tui/internal/ui/parse_prd.go:62.2,63.78 2 0
github.com/agreen757/tm-tui/internal/ui/parse_prd.go:63.78,64.17 1 0
github.com/agreen757/tm-tui/internal/ui/parse_prd.go:64.17,72.4 3 0
github.com/agreen757/tm-tui/internal/ui/parse_prd.go:73.3,74.17 2 0
github.com/agreen757/tm-tui/internal/ui/parse_prd.go:74.17,76.4 1 0
github.com/agreen757/tm-tui/internal/ui/parse_prd.go:77.3,78.50 2 0
github.com/agreen757/tm-tui/internal/ui/parse_prd.go:78.50,79.50 1 0
github.com/agreen757/tm-tui/internal/ui/parse_prd.go:79.50,81.5 1 0
github.com/agreen757/tm-tui/internal/ui/parse_prd.go:83.3,83.37 1 0
github.com/agreen757/tm-tui/internal/ui/parse_prd.go:86.2,86.16 1 0
github.com/agreen757/tm-tui/internal/ui/parse_prd.go:89.58,91.15 2 0
github.com/agreen757/tm-tui/internal/ui/parse_prd.go:91.15,93.3 1 0
github.com/agreen757/tm-tui/internal/ui/parse_prd.go:95.2,115.100 3 0
github.com/agreen757/tm-tui/internal/ui/parse_prd.go:115.100,116.28 1 0
github.com/agreen757/tm-tui/internal/ui/parse_prd.go:116.28,118.5 1 0
github.com/agreen757/tm-tui/internal/ui/parse_prd.go:119.4,120.35 2 0
github.com/agreen757/tm-tui/internal/ui/parse_prd.go:120.35,122.5 1 0
github.com/agreen757/tm-tui/internal/ui/parse_prd.go:123.4,123.43 1 0
github.com/agreen757/tm-tui/internal/ui/parse_prd.go:127.2,127.81 1 0
github.com/agreen757/tm-tui/internal/ui/parse_prd.go:127.81,128.17 1 0
github.com/agreen757/tm-tui/internal/ui/parse_prd.go:128.17,135.4 3 0
github.com/agreen757/tm-tui/internal/ui/parse_prd.go:136.3,136.19 1 0
github.com/agreen757/tm-tui/internal/ui/parse_prd.go:136.19,138.4 1 0
github.com/agreen757/tm-tui/internal/ui/parse_prd.go:139.3,140.10 2 0
github.com/agreen757/tm-tui/internal/ui/parse_prd.go:140.10,142.4 1 0
github.com/agreen757/tm-tui/internal/ui/parse_prd.go:143.3,143.45 1 0
github.com/agreen757/tm-tui/internal/ui/parse_prd.go:146.2,146.12 1 0
github.com/agreen757/tm-tui/internal/ui/parse_prd.go:149.74,150.54 1 0
github.com/agreen757/tm-tui/internal/ui/parse_prd.go:150.54,160.3 4 0
github.com/agreen757/tm-tui/internal/ui/parse_prd.go:161.2,161.26 1 0
github.com/agreen757/tm-tui/internal/ui/parse_prd.go:161.26,171.3 4 0
github.com/agreen757/tm-tui/internal/ui/parse_prd.go:173.2,174.15 2 0
github.com/agreen757/tm-tui/internal/ui/parse_prd.go:174.15,176.3 1 0
github.com/agreen757/tm-tui/internal/ui/parse_prd.go:178.2,181.21 4 0
github.com/agreen757/tm-tui/internal/ui/parse_prd.go:181.21,183.3 1 0
github.com/agreen757/tm-tui/internal/ui/parse_prd.go:184.2,187.32 3 0
github.com/agreen757/tm-tui/internal/ui/parse_prd.go:187.32,189.3 1 0
github.com/agreen757/tm-tui/internal/ui/parse_prd.go:191.2,197.53 6 0
github.com/agreen757/tm-tui/internal/ui/parse_prd.go:197.53,199.3 1 0
github.com/agreen757/tm-tui/internal/ui/parse_prd.go:200.2,200.12 1 0
github.com/agreen757/tm-tui/internal/ui/parse_prd.go:200.12,202.34 2 0
github.com/agreen757/tm-tui/internal/ui/parse_prd.go:202.34,203.11 1 0
github.com/agreen757/tm-tui/internal/ui/parse_prd.go:204.22,205.17 1 0
github.com/agreen757/tm-tui/internal/ui/parse_prd.go:206.19,207.16 1 0
github.com/agreen757/tm-tui/internal/ui/parse_prd.go:211.3,211.110 1 0
github.com/agreen757/tm-tui/internal/ui/parse_prd.go:211.110,213.20 2 0
github.com/agreen757/tm-tui/internal/ui/parse_prd.go:213.20,215.5 1 0
github.com/agreen757/tm-tui/internal/ui/parse_prd.go:216.4,216.20 1 0
github.com/agreen757/tm-tui/internal/ui/parse_prd.go:216.20,218.5 1 0
github.com/agreen757/tm-tui/internal/ui/parse_prd.go:219.4,219.74 1 0
github.com/agreen757/tm-tui/internal/ui/parse_prd.go:221.3,221.17 1 0
github.com/agreen757/tm-tui/internal/ui/parse_prd.go:221.17,222.40 1 0
github.com/agreen757/tm-tui/internal/ui/parse_prd.go:222.40,224.5 1 0
github.com/agreen757/tm-tui/internal/ui/parse_prd.go:225.4,226.10 2 0
github.com/agreen757/tm-tui/internal/ui/parse_prd.go:229.3,230.21 2 0
github.com/agreen757/tm-tui/internal/ui/parse_prd.go:230.21,233.4 2 0
github.com/agreen757/tm-tui/internal/ui/parse_prd.go:234.3,235.22 2 0
github.com/agreen757/tm-tui/internal/ui/parse_prd.go:235.22,238.4 2 0
github.com/agreen757/tm-tui/internal/ui/parse_prd.go:240.3,241.24 2 0
github.com/agreen757/tm-tui/internal/ui/parse_prd.go:241.24,243.4 1 0
github.com/agreen757/tm-tui/internal/ui/parse_prd.go:245.3,247.89 3 0
github.com/agreen757/tm-tui/internal/ui/parse_prd.go:250.2,250.36 1 0
github.com/agreen757/tm-tui/internal/ui/parse_prd.go:253.51,255.15 2 0
github.com/agreen757/tm-tui/internal/ui/parse_prd.go:255.15,257.3 1 0
github.com/agreen757/tm-tui/internal/ui/parse_prd.go:258.2,258.24 1 0
github.com/agreen757/tm-tui/internal/ui/parse_prd.go:258.24,259.26 1 0
github.com/agreen757/tm-tui/internal/ui/parse_prd.go:259.26,261.4 1 0
github.com/agreen757/tm-tui/internal/ui/parse_prd.go:262.3,262.35 1 0
github.com/agreen757/tm-tui/internal/ui/parse_prd.go:266.69,270.20 3 0
github.com/agreen757/tm-tui/internal/ui/parse_prd.go:270.20,280.3 3 0
github.com/agreen757/tm-tui/internal/ui/parse_prd.go:282.2,282.29 1 0
github.com/agreen757/tm-tui/internal/ui/parse_prd.go:282.29,285.3 2 0
github.com/agreen757/tm-tui/internal/ui/parse_prd.go:287.2,291.63 4 0
github.com/agreen757/tm-tui/internal/ui/parse_prd.go:291.63,293.3 1 0
github.com/agreen757/tm-tui/internal/ui/parse_prd.go:295.2,295.27 1 0
github.com/agreen757/tm-tui/internal/ui/parse_prd.go:298.68,300.15 2 0
github.com/agreen757/tm-tui/internal/ui/parse_prd.go:300.15,302.3 1 0
github.com/agreen757/tm-tui/internal/ui/parse_prd.go:304.2,305.40 2 0
github.com/agreen757/tm-tui/internal/ui/parse_prd.go:305.40,307.32 2 0
github.com/agreen757/tm-tui/internal/ui/parse_prd.go:307.32,309.4 1 0
github.com/agreen757/tm-tui/internal/ui/parse_prd.go:310.3,310.31 1 0
github.com/agreen757/tm-tui/internal/ui/parse_prd.go:310.31,312.4 1 0
github.com/agreen757/tm-tui/internal/ui/parse_prd.go:313.3,314.132 2 0
github.com/agreen757/tm-tui/internal/ui/parse_prd.go:317.2,319.21 3 0
github.com/agreen757/tm-tui/internal/ui/parse_prd.go:319.21,321.3 1 0
github.com/agreen757/tm-tui/internal/ui/parse_prd.go:322.2,323.12 2 0
github.com/agreen757/tm-tui/internal/ui/parse_prd.go:326.56,327.39 1 0
github.com/agreen757/tm-tui/internal/ui/parse_prd.go:327.39,329.3 1 0
github.com/agreen757/tm-tui/internal/ui/parse_prd.go:330.2,330.11 1 0
github.com/agreen757/tm-tui/internal/ui/parse_prd.go:333.45,336.2 2 0
github.com/agreen757/tm-tui/internal/ui/parse_prd.go:338.37,339.29 1 0
github.com/agreen757/tm-tui/internal/ui/parse_prd.go:339.29,342.3 2 0
github.com/agreen757/tm-tui/internal/ui/parse_prd.go:345.47,346.56 1 0
github.com/agreen757/tm-tui/internal/ui/parse_prd.go:346.56,348.3 1 0
github.com/agreen757/tm-tui/internal/ui/parse_prd.go:349.2,349.69 1 0
github.com/agreen757/tm-tui/internal/ui/parse_prd.go:349.69,351.3 1 0
github.com/agreen757/tm-tui/internal/ui/parse_prd.go:354.38,356.31 2 0
github.com/agreen757/tm-tui/internal/ui/parse_prd.go:356.31,357.63 1 0
github.com/agreen757/tm-tui/internal/ui/parse_prd.go:357.63,359.4 1 0
github.com/agreen757/tm-tui/internal/ui/parse_prd.go:361.2,361.18 1 0
github.com/agreen757/tm-tui/internal/ui/prd_form.go:22.63,61.2 2 0
github.com/agreen757/tm-tui/internal/ui/prd_form.go:64.97,113.2 2 0
github.com/agreen757/tm-tui/internal/ui/prd_form.go:116.117,124.97 1 0
github.com/agreen757/tm-tui/internal/ui/prd_form.go:124.97,125.26 1 0
github.com/agreen757/tm-tui/internal/ui/prd_form.go:125.26,127.5 1 0
github.com/agreen757/tm-tui/internal/ui/prd_form.go:130.4,131.19 2 0
github.com/agreen757/tm-tui/internal/ui/prd_form.go:131.19,133.5 1 0
github.com/agreen757/tm-tui/internal/ui/prd_form.go:135.4,136.21 2 0
github.com/agreen757/tm-tui/internal/ui/prd_form.go:136.21,138.5 1 0
github.com/agreen757/tm-tui/internal/ui/prd_form.go:140.4,141.22 2 0
github.com/agreen757/tm-tui/internal/ui/prd_form.go:141.22,144.23 2 0
github.com/agreen757/tm-tui/internal/ui/prd_form.go:144.23,146.6 1 0
github.com/agreen757/tm-tui/internal/ui/prd_form.go:150.4,150.64 1 0
github.com/agreen757/tm-tui/internal/ui/prd_form.go:150.64,152.5 1 0
github.com/agreen757/tm-tui/internal/ui/prd_form.go:154.4,162.20 2 0
github.com/agreen757/tm-tui/internal/ui/prd_form.go:162.20,164.5 1 0
github.com/agreen757/tm-tui/internal/ui/prd_form.go:166.4,166.22 1 0
github.com/agreen757/tm-tui/internal/ui/prd_form.go:171.2,171.63 1 0
github.com/agreen757/tm-tui/internal/ui/prd_form.go:171.63,172.59 1 0
github.com/agreen757/tm-tui/internal/ui/prd_form.go:172.59,173.20 1 0
github.com/agreen757/tm-tui/internal/ui/prd_form.go:173.20,175.5 1 0
github.com/agreen757/tm-tui/internal/ui/prd_form.go:178.4,178.28 1 0
github.com/agreen757/tm-tui/internal/ui/prd_form.go:179.17,180.50 1 0
github.com/agreen757/tm-tui/internal/ui/prd_form.go:180.50,182.6 1 0
github.com/agreen757/tm-tui/internal/ui/prd_form.go:183.19,184.50 1 0
github.com/agreen757/tm-tui/internal/ui/prd_form.go:184.50,186.6 1 0
github.com/agreen757/tm-tui/internal/ui/prd_form.go:187.17,188.50 1 0
github.com/agreen757/tm-tui/internal/ui/prd_form.go:188.50,190.6 1 0
github.com/agreen757/tm-tui/internal/ui/prd_form.go:191.20,192.50 1 0
github.com/agreen757/tm-tui/internal/ui/prd_form.go:192.50,194.6 1 0
github.com/agreen757/tm-tui/internal/ui/prd_form.go:200.2,200.62 1 0
github.com/agreen757/tm-tui/internal/ui/prd_form.go:200.62,203.20 2 0
github.com/agreen757/tm-tui/internal/ui/prd_form.go:203.20,205.25 2 0
github.com/agreen757/tm-tui/internal/ui/prd_form.go:205.25,210.5 1 0
github.com/agreen757/tm-tui/internal/ui/prd_form.go:211.4,211.25 1 0
github.com/agreen757/tm-tui/internal/ui/prd_form.go:211.25,216.5 1 0
github.com/agreen757/tm-tui/internal/ui/prd_form.go:218.3,218.13 1 0
github.com/agreen757/tm-tui/internal/ui/prd_form.go:221.2,221.13 1 0
github.com/agreen757/tm-tui/internal/ui/prd_form.go:227.38,230.16 2 0
github.com/agreen757/tm-tui/internal/ui/prd_form.go:230.16,232.3 1 0
github.com/agreen757/tm-tui/internal/ui/prd_form.go:234.2,235.33 2 0
github.com/agreen757/tm-tui/internal/ui/prd_form.go:235.33,236.57 1 0
github.com/agreen757/tm-tui/internal/ui/prd_form.go:236.57,238.86 1 0
github.com/agreen757/tm-tui/internal/ui/prd_form.go:238.86,240.5 1 0
github.com/agreen757/tm-tui/internal/ui/prd_form.go:245.2,245.33 1 0
github.com/agreen757/tm-tui/internal/ui/prd_form.go:245.33,247.3 1 0
github.com/agreen757/tm-tui/internal/ui/prd_form.go:249.2,249.14 1 0
github.com/agreen757/tm-tui/internal/ui/prd_state.go:17.46,21.2 1 0
github.com/agreen757/tm-tui/internal/ui/prd_state.go:24.71,29.2 4 0
github.com/agreen757/tm-tui/internal/ui/prd_state.go:32.57,39.2 1 0
github.com/agreen757/tm-tui/internal/ui/prd_state.go:42.43,44.2 1 0
github.com/agreen757/tm-tui/internal/ui/prd_state.go:47.36,52.27 5 0
github.com/agreen757/tm-tui/internal/ui/prd_state.go:52.27,54.3 1 0
github.com/agreen757/tm-tui/internal/ui/prd_state.go:55.2,55.22 1 0
github.com/agreen757/tm-tui/internal/ui/project_dialogs.go:15.49,17.21 2 0
github.com/agreen757/tm-tui/internal/ui/project_dialogs.go:17.21,20.3 2 0
github.com/agreen757/tm-tui/internal/ui/project_dialogs.go:22.2,25.25 3 0
github.com/agreen757/tm-tui/internal/ui/project_dialogs.go:25.25,28.3 2 0
github.com/agreen757/tm-tui/internal/ui/project_dialogs.go:30.2,31.28 2 0
github.com/agreen757/tm-tui/internal/ui/project_dialogs.go:31.28,33.3 1 0
github.com/agreen757/tm-tui/internal/ui/project_dialogs.go:35.2,36.36 2 0
github.com/agreen757/tm-tui/internal/ui/project_dialogs.go:36.36,38.3 1 0
github.com/agreen757/tm-tui/internal/ui/project_dialogs.go:40.2,46.12 7 0
github.com/agreen757/tm-tui/internal/ui/project_dialogs.go:49.64,51.21 2 0
github.com/agreen757/tm-tui/internal/ui/project_dialogs.go:51.21,53.3 1 0
github.com/agreen757/tm-tui/internal/ui/project_dialogs.go:54.2,55.24 2 0
github.com/agreen757/tm-tui/internal/ui/project_dialogs.go:55.24,58.3 2 0
github.com/agreen757/tm-tui/internal/ui/project_dialogs.go:60.2,62.28 3 0
github.com/agreen757/tm-tui/internal/ui/project_dialogs.go:62.28,64.3 1 0
github.com/agreen757/tm-tui/internal/ui/project_dialogs.go:65.2,65.32 1 0
github.com/agreen757/tm-tui/internal/ui/project_dialogs.go:65.32,67.3 1 0
github.com/agreen757/tm-tui/internal/ui/project_dialogs.go:69.2,75.12 7 0
github.com/agreen757/tm-tui/internal/ui/project_dialogs.go:78.56,81.21 3 0
github.com/agreen757/tm-tui/internal/ui/project_dialogs.go:81.21,84.3 2 0
github.com/agreen757/tm-tui/internal/ui/project_dialogs.go:86.2,87.22 2 0
github.com/agreen757/tm-tui/internal/ui/project_dialogs.go:87.22,90.3 2 0
github.com/agreen757/tm-tui/internal/ui/project_dialogs.go:92.2,94.28 3 0
github.com/agreen757/tm-tui/internal/ui/project_dialogs.go:94.28,96.3 1 0
github.com/agreen757/tm-tui/internal/ui/project_dialogs.go:97.2,97.30 1 0
github.com/agreen757/tm-tui/internal/ui/project_dialogs.go:97.30,99.3 1 0
github.com/agreen757/tm-tui/internal/ui/project_dialogs.go:101.2,107.12 7 0
github.com/agreen757/tm-tui/internal/ui/project_dialogs.go:110.51,113.21 3 0
github.com/agreen757/tm-tui/internal/ui/project_dialogs.go:113.21,116.3 2 0
github.com/agreen757/tm-tui/internal/ui/project_dialogs.go:118.2,123.50 4 0
github.com/agreen757/tm-tui/internal/ui/project_dialogs.go:123.50,126.3 2 0
github.com/agreen757/tm-tui/internal/ui/project_dialogs.go:128.2,131.28 4 0
github.com/agreen757/tm-tui/internal/ui/project_dialogs.go:131.28,134.3 2 0
github.com/agreen757/tm-tui/internal/ui/project_dialogs.go:136.2,136.35 1 0
github.com/agreen757/tm-tui/internal/ui/project_dialogs.go:136.35,138.3 1 0
github.com/agreen757/tm-tui/internal/ui/project_dialogs.go:139.2,139.36 1 0
github.com/agreen757/tm-tui/internal/ui/project_dialogs.go:139.36,141.3 1 0
github.com/agreen757/tm-tui/internal/ui/project_dialogs.go:143.2,149.12 7 0
github.com/agreen757/tm-tui/internal/ui/project_dialogs.go:152.42,154.21 2 0
github.com/agreen757/tm-tui/internal/ui/project_dialogs.go:154.21,156.3 1 0
github.com/agreen757/tm-tui/internal/ui/project_dialogs.go:157.2,159.70 3 0
github.com/agreen757/tm-tui/internal/ui/project_dialogs.go:159.70,161.3 1 0
github.com/agreen757/tm-tui/internal/ui/project_dialogs.go:162.2,162.66 1 0
github.com/agreen757/tm-tui/internal/ui/project_dialogs.go:162.66,164.3 1 0
github.com/agreen757/tm-tui/internal/ui/project_dialogs.go:167.92,168.36 1 0
github.com/agreen757/tm-tui/internal/ui/project_dialogs.go:168.36,170.3 1 0
github.com/agreen757/tm-tui/internal/ui/project_dialogs.go:171.2,172.24 2 0
github.com/agreen757/tm-tui/internal/ui/project_dialogs.go:172.24,174.3 1 0
github.com/agreen757/tm-tui/internal/ui/project_dialogs.go:175.2,175.75 1 0
github.com/agreen757/tm-tui/internal/ui/project_dialogs.go:175.75,176.25 1 0
github.com/agreen757/tm-tui/internal/ui/project_dialogs.go:176.25,178.4 1 0
github.com/agreen757/tm-tui/internal/ui/project_dialogs.go:179.3,180.13 2 0
github.com/agreen757/tm-tui/internal/ui/project_dialogs.go:182.2,182.55 1 0
github.com/agreen757/tm-tui/internal/ui/project_dialogs.go:182.55,185.3 2 0
github.com/agreen757/tm-tui/internal/ui/project_dialogs.go:187.2,187.25 1 0
github.com/agreen757/tm-tui/internal/ui/project_dialogs.go:187.25,192.70 5 0
github.com/agreen757/tm-tui/internal/ui/project_dialogs.go:192.70,193.56 1 0
github.com/agreen757/tm-tui/internal/ui/project_dialogs.go:193.56,195.5 1 0
github.com/agreen757/tm-tui/internal/ui/project_dialogs.go:196.4,198.14 3 0
github.com/agreen757/tm-tui/internal/ui/project_dialogs.go:200.3,200.13 1 0
github.com/agreen757/tm-tui/internal/ui/project_dialogs.go:203.2,203.51 1 0
github.com/agreen757/tm-tui/internal/ui/project_dialogs.go:206.92,207.36 1 0
github.com/agreen757/tm-tui/internal/ui/project_dialogs.go:207.36,209.3 1 0
github.com/agreen757/tm-tui/internal/ui/project_dialogs.go:210.2,211.24 2 0
github.com/agreen757/tm-tui/internal/ui/project_dialogs.go:211.24,215.17 4 0
github.com/agreen757/tm-tui/internal/ui/project_dialogs.go:215.17,217.4 1 0
github.com/agreen757/tm-tui/internal/ui/project_dialogs.go:218.3,218.81 1 0
github.com/agreen757/tm-tui/internal/ui/project_dialogs.go:222.40,223.108 1 0
github.com/agreen757/tm-tui/internal/ui/project_dialogs.go:223.108,225.3 1 0
github.com/agreen757/tm-tui/internal/ui/project_dialogs.go:226.2,226.14 1 0
github.com/agreen757/tm-tui/internal/ui/project_dialogs.go:229.50,231.54 2 0
github.com/agreen757/tm-tui/internal/ui/project_dialogs.go:231.54,234.56 3 0
github.com/agreen757/tm-tui/internal/ui/project_dialogs.go:234.56,236.4 1 0
github.com/agreen757/tm-tui/internal/ui/project_dialogs.go:238.2,238.58 1 0
github.com/agreen757/tm-tui/internal/ui/project_dialogs.go:238.58,240.3 1 0
github.com/agreen757/tm-tui/internal/ui/project_dialogs.go:241.2,241.29 1 0
github.com/agreen757/tm-tui/internal/ui/project_dialogs.go:244.46,245.22 1 0
github.com/agreen757/tm-tui/internal/ui/project_dialogs.go:245.22,247.3 1 0
github.com/agreen757/tm-tui/internal/ui/project_dialogs.go:248.2,250.27 3 0
github.com/agreen757/tm-tui/internal/ui/project_dialogs.go:250.27,251.14 1 0
github.com/agreen757/tm-tui/internal/ui/project_dialogs.go:251.14,252.12 1 0
github.com/agreen757/tm-tui/internal/ui/project_dialogs.go:254.3,254.27 1 0
github.com/agreen757/tm-tui/internal/ui/project_dialogs.go:254.27,255.12 1 0
github.com/agreen757/tm-tui/internal/ui/project_dialogs.go:257.3,258.23 2 0
github.com/agreen757/tm-tui/internal/ui/project_dialogs.go:260.2,260.12 1 0
github.com/agreen757/tm-tui/internal/ui/project_dialogs.go:263.35,264.24 1 0
github.com/agreen757/tm-tui/internal/ui/project_dialogs.go:264.24,266.3 1 0
github.com/agreen757/tm-tui/internal/ui/project_dialogs.go:267.2,267.47 1 0
github.com/agreen757/tm-tui/internal/ui/project_dialogs.go:270.40,271.17 1 0
github.com/agreen757/tm-tui/internal/ui/project_dialogs.go:271.17,273.3 1 0
github.com/agreen757/tm-tui/internal/ui/project_dialogs.go:274.2,274.17 1 0
github.com/agreen757/tm-tui/internal/ui/project_dialogs.go:274.17,276.3 1 0
github.com/agreen757/tm-tui/internal/ui/project_dialogs.go:277.2,277.14 1 0
github.com/agreen757/tm-tui/internal/ui/project_items.go:17.82,19.2 1 0
github.com/agreen757/tm-tui/internal/ui/project_items.go:21.41,23.14 2 0
github.com/agreen757/tm-tui/internal/ui/project_items.go:23.14,25.3 1 0
github.com/agreen757/tm-tui/internal/ui/project_items.go:26.2,26.52 1 0
github.com/agreen757/tm-tui/internal/ui/project_items.go:29.47,31.34 2 0
github.com/agreen757/tm-tui/internal/ui/project_items.go:31.34,33.3 1 0
github.com/agreen757/tm-tui/internal/ui/project_items.go:34.2,34.88 1 0
github.com/agreen757/tm-tui/internal/ui/project_items.go:37.47,39.2 1 0
github.com/agreen757/tm-tui/internal/ui/project_items.go:47.92,49.24 2 0
github.com/agreen757/tm-tui/internal/ui/project_items.go:49.24,51.3 1 0
github.com/agreen757/tm-tui/internal/ui/project_items.go:52.2,52.84 1 0
github.com/agreen757/tm-tui/internal/ui/project_items.go:55.42,56.19 1 0
github.com/agreen757/tm-tui/internal/ui/project_items.go:56.19,58.3 1 0
github.com/agreen757/tm-tui/internal/ui/project_items.go:59.2,60.14 2 0
github.com/agreen757/tm-tui/internal/ui/project_items.go:60.14,62.3 1 0
github.com/agreen757/tm-tui/internal/ui/project_items.go:63.2,64.19 2 0
github.com/agreen757/tm-tui/internal/ui/project_items.go:64.19,66.3 1 0
github.com/agreen757/tm-tui/internal/ui/project_items.go:67.2,67.19 1 0
github.com/agreen757/tm-tui/internal/ui/project_items.go:67.19,69.3 1 0
github.com/agreen757/tm-tui/internal/ui/project_items.go:70.2,70.45 1 0
github.com/agreen757/tm-tui/internal/ui/project_items.go:73.48,74.19 1 0
github.com/agreen757/tm-tui/internal/ui/project_items.go:74.19,76.3 1 0
github.com/agreen757/tm-tui/internal/ui/project_items.go:77.2,78.26 2 0
github.com/agreen757/tm-tui/internal/ui/project_items.go:78.26,80.3 1 0
github.com/agreen757/tm-tui/internal/ui/project_items.go:81.2,81.23 1 0
github.com/agreen757/tm-tui/internal/ui/project_items.go:81.23,83.3 1 0
github.com/agreen757/tm-tui/internal/ui/project_items.go:84.2,84.31 1 0
github.com/agreen757/tm-tui/internal/ui/project_items.go:84.31,86.3 1 0
github.com/agreen757/tm-tui/internal/ui/project_items.go:87.2,87.37 1 0
github.com/agreen757/tm-tui/internal/ui/project_items.go:90.48,91.19 1 0
github.com/agreen757/tm-tui/internal/ui/project_items.go:91.19,93.3 1 0
github.com/agreen757/tm-tui/internal/ui/project_items.go:94.2,95.17 2 0
github.com/agreen757/tm-tui/internal/ui/project_items.go:95.17,97.3 1 0
github.com/agreen757/tm-tui/internal/ui/project_items.go:98.2,98.51 1 0
github.com/agreen757/tm-tui/internal/ui/project_items.go:101.40,103.2 1 0
github.com/agreen757/tm-tui/internal/ui/project_items.go:105.45,106.16 1 0
github.com/agreen757/tm-tui/internal/ui/project_items.go:106.16,108.3 1 0
github.com/agreen757/tm-tui/internal/ui/project_items.go:109.2,110.28 2 0
github.com/agreen757/tm-tui/internal/ui/project_items.go:110.28,112.3 1 0
github.com/agreen757/tm-tui/internal/ui/project_items.go:113.2,113.26 1 0
github.com/agreen757/tm-tui/internal/ui/project_items.go:113.26,115.3 1 0
github.com/agreen757/tm-tui/internal/ui/project_items.go:116.2,116.29 1 0
github.com/agreen757/tm-tui/internal/ui/project_items.go:116.29,118.3 1 0
github.com/agreen757/tm-tui/internal/ui/project_items.go:119.2,119.31 1 0
github.com/agreen757/tm-tui/internal/ui/project_items.go:119.31,121.3 1 0
github.com/agreen757/tm-tui/internal/ui/project_items.go:122.2,122.34 1 0
github.com/agreen757/tm-tui/internal/ui/styles.go:76.26,171.2 1 1
github.com/agreen757/tm-tui/internal/ui/styles.go:174.63,175.16 1 0
github.com/agreen757/tm-tui/internal/ui/styles.go:176.17,177.19 1 0
github.com/agreen757/tm-tui/internal/ui/styles.go:178.21,179.22 1 0
github.com/agreen757/tm-tui/internal/ui/styles.go:180.14,181.16 1 0
github.com/agreen757/tm-tui/internal/ui/styles.go:182.17,183.19 1 0
github.com/agreen757/tm-tui/internal/ui/styles.go:184.18,185.20 1 0
github.com/agreen757/tm-tui/internal/ui/styles.go:186.19,187.21 1 0
github.com/agreen757/tm-tui/internal/ui/styles.go:188.10,189.29 1 0
github.com/agreen757/tm-tui/internal/ui/styles.go:194.42,195.16 1 0
github.com/agreen757/tm-tui/internal/ui/styles.go:196.17,197.15 1 0
github.com/agreen757/tm-tui/internal/ui/styles.go:198.21,199.15 1 0
github.com/agreen757/tm-tui/internal/ui/styles.go:200.14,201.15 1 0
github.com/agreen757/tm-tui/internal/ui/styles.go:202.17,203.13 1 0
github.com/agreen757/tm-tui/internal/ui/styles.go:204.18,205.15 1 0
github.com/agreen757/tm-tui/internal/ui/styles.go:206.19,207.15 1 0
github.com/agreen757/tm-tui/internal/ui/styles.go:208.10,209.13 1 0
github.com/agreen757/tm-tui/internal/ui/styles.go:215.43,216.16 1 0
github.com/agreen757/tm-tui/internal/ui/styles.go:217.17,218.19 1 0
github.com/agreen757/tm-tui/internal/ui/styles.go:219.21,220.23 1 0
github.com/agreen757/tm-tui/internal/ui/styles.go:221.14,222.16 1 0
github.com/agreen757/tm-tui/internal/ui/styles.go:223.17,224.19 1 0
github.com/agreen757/tm-tui/internal/ui/styles.go:225.18,226.20 1 0
github.com/agreen757/tm-tui/internal/ui/styles.go:227.19,228.21 1 0
github.com/agreen757/tm-tui/internal/ui/styles.go:229.10,230.19 1 0
github.com/agreen757/tm-tui/internal/ui/styles.go:236.47,239.16 3 0
github.com/agreen757/tm-tui/internal/ui/styles.go:239.16,241.3 1 0
github.com/agreen757/tm-tui/internal/ui/styles.go:242.2,242.27 1 0
github.com/agreen757/tm-tui/internal/ui/styles.go:247.48,248.21 1 0
github.com/agreen757/tm-tui/internal/ui/styles.go:248.21,250.3 1 0
github.com/agreen757/tm-tui/internal/ui/styles.go:253.2,256.9 2 0
github.com/agreen757/tm-tui/internal/ui/styles.go:257.36,258.15 1 0
github.com/agreen757/tm-tui/internal/ui/styles.go:259.39,260.18 1 0
github.com/agreen757/tm-tui/internal/ui/styles.go:261.37,262.16 1 0
github.com/agreen757/tm-tui/internal/ui/styles.go:263.10,264.21 1 0
github.com/agreen757/tm-tui/internal/ui/styles.go:270.52,272.17 2 0
github.com/agreen757/tm-tui/internal/ui/styles.go:272.17,274.3 1 0
github.com/agreen757/tm-tui/internal/ui/styles.go:276.2,276.49 1 0
github.com/agreen757/tm-tui/internal/ui/styles.go:280.68,282.21 1 0
github.com/agreen757/tm-tui/internal/ui/styles.go:282.21,284.3 1 0
github.com/agreen757/tm-tui/internal/ui/styles.go:287.2,291.9 3 0
github.com/agreen757/tm-tui/internal/ui/styles.go:292.36,293.29 1 0
github.com/agreen757/tm-tui/internal/ui/styles.go:294.39,295.32 1 0
github.com/agreen757/tm-tui/internal/ui/styles.go:296.37,297.30 1 0
github.com/agreen757/tm-tui/internal/ui/styles.go:298.10,299.34 1 0
github.com/agreen757/tm-tui/internal/ui/styles.go:303.2,303.73 1 0
github.com/agreen757/tm-tui/internal/ui/styles.go:307.91,310.15 2 0
github.com/agreen757/tm-tui/internal/ui/styles.go:311.32,312.29 1 0
github.com/agreen757/tm-tui/internal/ui/styles.go:313.35,314.32 1 0
github.com/agreen757/tm-tui/internal/ui/styles.go:315.33,316.30 1 0
github.com/agreen757/tm-tui/internal/ui/styles.go:317.37,318.34 1 0
github.com/agreen757/tm-tui/internal/ui/styles.go:319.10,321.18 1 0
github.com/agreen757/tm-tui/internal/ui/styles.go:325.2,325.73 1 0
github.com/agreen757/tm-tui/internal/ui/tag_helpers.go:19.53,22.38 2 0
github.com/agreen757/tm-tui/internal/ui/tag_helpers.go:22.38,23.18 1 0
github.com/agreen757/tm-tui/internal/ui/tag_helpers.go:23.18,25.4 1 0
github.com/agreen757/tm-tui/internal/ui/tag_helpers.go:27.2,27.14 1 0
github.com/agreen757/tm-tui/internal/ui/tag_helpers.go:35.61,38.2 2 0
github.com/agreen757/tm-tui/internal/ui/tag_helpers.go:40.38,41.18 1 0
github.com/agreen757/tm-tui/internal/ui/tag_helpers.go:41.18,43.3 1 0
github.com/agreen757/tm-tui/internal/ui/tag_helpers.go:44.2,45.18 2 0
github.com/agreen757/tm-tui/internal/ui/tag_helpers.go:45.18,47.3 1 0
github.com/agreen757/tm-tui/internal/ui/tag_helpers.go:48.2,48.48 1 0
github.com/agreen757/tm-tui/internal/ui/tag_helpers.go:51.44,52.18 1 0
github.com/agreen757/tm-tui/internal/ui/tag_helpers.go:52.18,54.3 1 0
github.com/agreen757/tm-tui/internal/ui/tag_helpers.go:55.2,59.30 2 0
github.com/agreen757/tm-tui/internal/ui/tag_helpers.go:59.30,61.3 1 0
github.com/agreen757/tm-tui/internal/ui/tag_helpers.go:62.2,62.29 1 0
github.com/agreen757/tm-tui/internal/ui/tag_helpers.go:62.29,64.3 1 0
github.com/agreen757/tm-tui/internal/ui/tag_helpers.go:65.2,65.40 1 0
github.com/agreen757/tm-tui/internal/ui/tag_helpers.go:68.44,69.18 1 0
github.com/agreen757/tm-tui/internal/ui/tag_helpers.go:69.18,71.3 1 0
github.com/agreen757/tm-tui/internal/ui/tag_helpers.go:72.2,72.19 1 0
github.com/agreen757/tm-tui/internal/ui/tag_helpers.go:90.85,96.2 1 0
github.com/agreen757/tm-tui/internal/ui/tag_helpers.go:98.40,100.2 1 0
github.com/agreen757/tm-tui/internal/ui/tag_helpers.go:102.46,104.2 1 0
github.com/agreen757/tm-tui/internal/ui/tag_helpers.go:106.46,108.2 1 0
github.com/agreen757/tm-tui/internal/ui/tag_helpers.go:110.61,112.30 2 0
github.com/agreen757/tm-tui/internal/ui/tag_helpers.go:112.30,114.3 1 0
github.com/agreen757/tm-tui/internal/ui/tag_helpers.go:117.2,129.17 6 0
github.com/agreen757/tm-tui/internal/ui/tag_helpers.go:129.17,131.17 2 0
github.com/agreen757/tm-tui/internal/ui/tag_helpers.go:131.17,133.4 1 0
github.com/agreen757/tm-tui/internal/ui/tag_helpers.go:135.2,135.18 1 0
github.com/agreen757/tm-tui/internal/ui/tag_helpers.go:135.18,137.18 2 0
github.com/agreen757/tm-tui/internal/ui/tag_helpers.go:137.18,139.4 1 0
github.com/agreen757/tm-tui/internal/ui/tag_helpers.go:142.2,144.76 2 0
github.com/agreen757/tm-tui/internal/ui/tag_helpers.go:144.76,145.17 1 0
github.com/agreen757/tm-tui/internal/ui/tag_helpers.go:145.17,148.4 2 0
github.com/agreen757/tm-tui/internal/ui/tag_helpers.go:150.3,151.10 2 0
github.com/agreen757/tm-tui/internal/ui/tag_helpers.go:151.10,153.4 1 0
github.com/agreen757/tm-tui/internal/ui/tag_helpers.go:156.3,156.23 1 0
github.com/agreen757/tm-tui/internal/ui/tag_helpers.go:156.23,159.4 2 0
github.com/agreen757/tm-tui/internal/ui/tag_helpers.go:162.3,162.35 1 0
github.com/agreen757/tm-tui/internal/ui/tag_helpers.go:162.35,164.34 1 0
github.com/agreen757/tm-tui/internal/ui/tag_helpers.go:164.34,165.43 1 0
github.com/agreen757/tm-tui/internal/ui/tag_helpers.go:165.43,168.11 3 0
github.com/agreen757/tm-tui/internal/ui/tag_helpers.go:173.3,173.13 1 0
github.com/agreen757/tm-tui/internal/ui/tag_helpers.go:177.39,178.31 1 0
github.com/agreen757/tm-tui/internal/ui/tag_helpers.go:178.31,180.3 1 0
github.com/agreen757/tm-tui/internal/ui/tag_helpers.go:181.2,182.15 2 0
github.com/agreen757/tm-tui/internal/ui/tag_helpers.go:182.15,184.3 1 0
github.com/agreen757/tm-tui/internal/ui/tag_helpers.go:186.2,195.33 4 0
github.com/agreen757/tm-tui/internal/ui/tag_helpers.go:195.33,197.17 2 0
github.com/agreen757/tm-tui/internal/ui/tag_helpers.go:197.17,199.4 1 0
github.com/agreen757/tm-tui/internal/ui/tag_helpers.go:200.3,201.18 2 0
github.com/agreen757/tm-tui/internal/ui/tag_helpers.go:201.18,203.4 1 0
github.com/agreen757/tm-tui/internal/ui/tag_helpers.go:206.2,209.32 4 0
github.com/agreen757/tm-tui/internal/ui/tag_helpers.go:212.39,213.31 1 0
github.com/agreen757/tm-tui/internal/ui/tag_helpers.go:213.31,215.3 1 0
github.com/agreen757/tm-tui/internal/ui/tag_helpers.go:216.2,217.15 2 0
github.com/agreen757/tm-tui/internal/ui/tag_helpers.go:217.15,219.3 1 0
github.com/agreen757/tm-tui/internal/ui/tag_helpers.go:220.2,234.97 2 0
github.com/agreen757/tm-tui/internal/ui/tag_helpers.go:234.97,235.26 1 0
github.com/agreen757/tm-tui/internal/ui/tag_helpers.go:235.26,237.5 1 0
github.com/agreen757/tm-tui/internal/ui/tag_helpers.go:238.4,239.18 2 0
github.com/agreen757/tm-tui/internal/ui/tag_helpers.go:239.18,241.5 1 0
github.com/agreen757/tm-tui/internal/ui/tag_helpers.go:242.4,242.20 1 0
github.com/agreen757/tm-tui/internal/ui/tag_helpers.go:245.2,245.72 1 0
github.com/agreen757/tm-tui/internal/ui/tag_helpers.go:245.72,246.17 1 0
github.com/agreen757/tm-tui/internal/ui/tag_helpers.go:246.17,249.4 2 0
github.com/agreen757/tm-tui/internal/ui/tag_helpers.go:250.3,251.27 2 0
github.com/agreen757/tm-tui/internal/ui/tag_helpers.go:251.27,253.4 1 0
github.com/agreen757/tm-tui/internal/ui/tag_helpers.go:254.3,255.117 2 0
github.com/agreen757/tm-tui/internal/ui/tag_helpers.go:255.117,257.4 1 0
github.com/agreen757/tm-tui/internal/ui/tag_helpers.go:261.37,262.31 1 0
github.com/agreen757/tm-tui/internal/ui/tag_helpers.go:262.31,264.3 1 0
github.com/agreen757/tm-tui/internal/ui/tag_helpers.go:265.2,266.15 2 0
github.com/agreen757/tm-tui/internal/ui/tag_helpers.go:266.15,268.3 1 0
github.com/agreen757/tm-tui/internal/ui/tag_helpers.go:269.2,288.97 2 0
github.com/agreen757/tm-tui/internal/ui/tag_helpers.go:288.97,289.24 1 0
github.com/agreen757/tm-tui/internal/ui/tag_helpers.go:289.24,291.5 1 0
github.com/agreen757/tm-tui/internal/ui/tag_helpers.go:292.4,293.18 2 0
github.com/agreen757/tm-tui/internal/ui/tag_helpers.go:293.18,295.5 1 0
github.com/agreen757/tm-tui/internal/ui/tag_helpers.go:296.4,297.77 2 0
github.com/agreen757/tm-tui/internal/ui/tag_helpers.go:300.2,300.72 1 0
github.com/agreen757/tm-tui/internal/ui/tag_helpers.go:300.72,301.17 1 0
github.com/agreen757/tm-tui/internal/ui/tag_helpers.go:301.17,304.4 2 0
github.com/agreen757/tm-tui/internal/ui/tag_helpers.go:305.3,306.10 2 0
github.com/agreen757/tm-tui/internal/ui/tag_helpers.go:306.10,308.4 1 0
github.com/agreen757/tm-tui/internal/ui/tag_helpers.go:309.3,310.19 2 0
github.com/agreen757/tm-tui/internal/ui/tag_helpers.go:310.19,312.4 1 0
github.com/agreen757/tm-tui/internal/ui/tag_helpers.go:313.3,315.114 3 0
github.com/agreen757/tm-tui/internal/ui/tag_helpers.go:315.114,317.4 1 0
github.com/agreen757/tm-tui/internal/ui/tag_helpers.go:321.45,322.31 1 0
github.com/agreen757/tm-tui/internal/ui/tag_helpers.go:322.31,324.3 1 0
github.com/agreen757/tm-tui/internal/ui/tag_helpers.go:325.2,326.15 2 0
github.com/agreen757/tm-tui/internal/ui/tag_helpers.go:326.15,328.3 1 0
github.com/agreen757/tm-tui/internal/ui/tag_helpers.go:329.2,331.75 3 0
github.com/agreen757/tm-tui/internal/ui/tag_helpers.go:331.75,334.55 3 0
github.com/agreen757/tm-tui/internal/ui/tag_helpers.go:334.55,336.4 1 0
github.com/agreen757/tm-tui/internal/ui/tag_helpers.go:337.3,338.114 2 0
github.com/agreen757/tm-tui/internal/ui/tag_helpers.go:338.114,340.4 1 0
github.com/agreen757/tm-tui/internal/ui/tag_helpers.go:344.70,345.55 1 0
github.com/agreen757/tm-tui/internal/ui/tag_helpers.go:345.55,348.3 2 0
github.com/agreen757/tm-tui/internal/ui/tag_helpers.go:349.2,349.14 1 0
github.com/agreen757/tm-tui/internal/ui/tag_helpers.go:350.20,352.111 2 0
github.com/agreen757/tm-tui/internal/ui/tag_helpers.go:352.111,354.4 1 0
github.com/agreen757/tm-tui/internal/ui/tag_helpers.go:355.23,356.26 1 0
github.com/agreen757/tm-tui/internal/ui/tag_helpers.go:357.21,358.24 1 0
github.com/agreen757/tm-tui/internal/ui/tag_helpers.go:359.23,360.32 1 0
github.com/agreen757/tm-tui/internal/ui/tag_helpers.go:362.2,362.12 1 0
github.com/agreen757/tm-tui/internal/ui/utils.go:11.34,13.35 1 0
github.com/agreen757/tm-tui/internal/ui/utils.go:13.35,15.3 1 0
github.com/agreen757/tm-tui/internal/ui/utils.go:18.2,40.13 9 0
github.com/agreen757/tm-tui/internal/ui/utils.go:44.40,56.25 3 0
github.com/agreen757/tm-tui/internal/ui/utils.go:56.25,57.53 1 0
github.com/agreen757/tm-tui/internal/ui/utils.go:57.53,59.4 1 0
github.com/agreen757/tm-tui/internal/ui/utils.go:59.9,59.40 1 0
github.com/agreen757/tm-tui/internal/ui/utils.go:59.40,61.4 1 0
github.com/agreen757/tm-tui/internal/ui/utils.go:64.2,64.23 1 0
